{
  "engines": {
    "H2": {
      "db_plus_wal_size_mb": 0.0,
      "db_size_mb_main": 0.0,
      "db_size_mb_source": "python:h2(jdbc)",
      "os_cache_state": "unknown_os_cache",
      "os_cache_state_source": "python:h2(jdbc)",
      "process_state": "warm_process",
      "process_state_source": "python:h2(jdbc)",
      "read_p95_ms": 0.08088099991709896,
      "storage_state": "reused_storage",
      "storage_state_source": "python:h2(jdbc)",
      "wal_size_mb": 0.0,
      "wal_size_mb_source": "python:h2(jdbc)"
    },
    "HSQLDB": {
      "db_plus_wal_size_mb": 0.0,
      "db_size_mb_main": 0.0,
      "db_size_mb_source": "python:hsqldb(jdbc)",
      "os_cache_state": "unknown_os_cache",
      "os_cache_state_source": "python:hsqldb(jdbc)",
      "process_state": "warm_process",
      "process_state_source": "python:hsqldb(jdbc)",
      "read_p95_ms": 0.09905800004617049,
      "storage_state": "reused_storage",
      "storage_state_source": "python:hsqldb(jdbc)",
      "wal_size_mb": 0.0,
      "wal_size_mb_source": "python:hsqldb(jdbc)"
    },
    "decentdb_balanced_durable": {
      "aggregate_p95_ms": 0.00033880000000000005,
      "aggregate_p95_stddev_ms": 1.1285388783732706e-05,
      "commit_p95_ms": 0.8865962,
      "commit_p95_stddev_ms": 0.393427000718761,
      "concurrent_read_p95_ms": 0.0007612,
      "concurrent_read_p95_stddev_ms": 2.315512902145008e-05,
      "concurrent_read_threads": 4,
      "db_plus_wal_size_mb": 3.695343017578125,
      "db_size_mb": 3.695343017578125,
      "db_size_mb_main": 3.6953125,
      "insert_rows_per_sec": 4728807.9609868135,
      "insert_rps_stddev": 116515.58996981393,
      "join_p95_ms": 0.0006670000000000001,
      "join_p95_stddev_ms": 2.870540018881467e-05,
      "range_scan_p95_ms": 0.0061192,
      "range_scan_p95_stddev_ms": 0.0001618152032412283,
      "read_p95_ms": 0.00043459999999999994,
      "read_p95_stddev_ms": 4.3811414037896556e-05,
      "wal_size_mb": 3.0517578125e-05
    },
    "decentdb_low_memory_durable": {
      "aggregate_p95_ms": 0.00033679999999999995,
      "aggregate_p95_stddev_ms": 8.158431221748456e-06,
      "commit_p95_ms": 0.9282464000000001,
      "commit_p95_stddev_ms": 0.4122910884336939,
      "concurrent_read_p95_ms": 0.0007692,
      "concurrent_read_p95_stddev_ms": 4.5265439354986936e-05,
      "concurrent_read_threads": 4,
      "db_plus_wal_size_mb": 3.695343017578125,
      "db_size_mb": 3.695343017578125,
      "db_size_mb_main": 3.6953125,
      "insert_rows_per_sec": 4698445.759437345,
      "insert_rps_stddev": 69071.88005291556,
      "join_p95_ms": 0.000671,
      "join_p95_stddev_ms": 1.6733200530681514e-05,
      "range_scan_p95_ms": 0.0061614,
      "range_scan_p95_stddev_ms": 0.00019797636222539263,
      "read_p95_ms": 0.00040899999999999997,
      "read_p95_stddev_ms": 4.00000000000001e-06,
      "wal_size_mb": 3.0517578125e-05
    },
    "decentdb_tuned_durable": {
      "aggregate_p95_ms": 0.0003428,
      "aggregate_p95_stddev_ms": 3.600000000000001e-06,
      "commit_p95_ms": 0.7373848000000001,
      "commit_p95_stddev_ms": 0.1303259972996946,
      "concurrent_read_p95_ms": 0.000779,
      "concurrent_read_p95_stddev_ms": 3.429285639896447e-05,
      "concurrent_read_threads": 4,
      "db_plus_wal_size_mb": 4.062530517578125,
      "db_size_mb": 4.062530517578125,
      "db_size_mb_main": 4.0625,
      "insert_rows_per_sec": 4905510.007766889,
      "insert_rps_stddev": 244796.54572854057,
      "join_p95_ms": 0.0005766,
      "join_p95_stddev_ms": 5.326387143270753e-05,
      "range_scan_p95_ms": 0.004885,
      "range_scan_p95_stddev_ms": 8.657944328765352e-05,
      "read_p95_ms": 0.0007831999999999998,
      "read_p95_stddev_ms": 1.7302023003105708e-05,
      "wal_size_mb": 3.0517578125e-05
    },
    "duckdb_engine_default": {
      "aggregate_p95_ms": 0.179344,
      "aggregate_p95_stddev_ms": 0.003937949669561561,
      "commit_p95_ms": 2.2818250000000004,
      "commit_p95_stddev_ms": 0.5462134859708244,
      "concurrent_read_p95_ms": 0.11230599999999999,
      "concurrent_read_p95_stddev_ms": 0.002095930914891998,
      "concurrent_read_threads": 4,
      "db_plus_wal_size_mb": 3.26171875,
      "db_size_mb": 3.26171875,
      "db_size_mb_main": 3.26171875,
      "insert_rows_per_sec": 12265.55473873693,
      "insert_rps_stddev": 115.01309544443627,
      "join_p95_ms": 0.3638344,
      "join_p95_stddev_ms": 0.010995024667548502,
      "range_scan_p95_ms": 0.7267250000000001,
      "range_scan_p95_stddev_ms": 0.07817768210685194,
      "read_p95_ms": 0.10873680000000001,
      "read_p95_stddev_ms": 0.0016311808483426967,
      "wal_size_mb": 0.0
    },
    "sqlite": {
      "aggregate_p95_ms": 0.018682,
      "aggregate_p95_stddev_ms": 0.00016169106345126146,
      "commit_p95_ms": 0.990884,
      "commit_p95_stddev_ms": 0.24274360764065447,
      "concurrent_read_p95_ms": 0.017774599999999998,
      "concurrent_read_p95_stddev_ms": 0.0013284364644197328,
      "concurrent_read_threads": 4,
      "db_plus_wal_size_mb": 2.1953125,
      "db_size_mb": 2.1953125,
      "db_size_mb_main": 2.1953125,
      "insert_rows_per_sec": 4006119.2057778724,
      "insert_rps_stddev": 73174.5536617759,
      "join_p95_ms": 0.0022257999999999996,
      "join_p95_stddev_ms": 1.4864723340849622e-05,
      "range_scan_p95_ms": 0.0064638000000000004,
      "range_scan_p95_stddev_ms": 0.00018443904142019396,
      "read_p95_ms": 0.0020432,
      "read_p95_stddev_ms": 2.8428155057970288e-05,
      "wal_size_mb": 0.0
    }
  },
  "metadata": {
    "aggregate_workload": "prepared_count_sum_aggregate_on_user_id",
    "aggregated_at": "2026-07-01T13:41:15.737098+00:00",
    "benchmark_profile": "single_thread_prepared_statement_oltp_with_concurrent_read_extension",
    "binding_parity_note": "sqlite via rusqlite FFI; duckdb via duckdb-rs FFI; decentdb via native Rust API (zero FFI overhead in benchmark loop)",
    "commit_workload": "prepared_single_row_auto_commit_insert_p95",
    "concurrent_read_workload": "4_threads_each_doing_25000_prepared_point_lookups",
    "decentdb_clone_overhead_note": "removed string.clone() on every read in this revision to eliminate heap-allocator skew",
    "decentdb_durability": "wal_sync_full",
    "decentdb_process_coordination": "single_process_unsafe",
    "decentdb_profile_balanced": "decentdb_balanced_durable:wal_sync_full cache_size_mb=16 process_coordination=single_process_unsafe",
    "decentdb_profile_default": "decentdb_balanced_durable:wal_sync_full cache_size_mb=16 process_coordination=single_process_unsafe",
    "decentdb_profile_low_memory": "decentdb_low_memory_durable:wal_sync_full cache_size_mb=4 process_coordination=single_process_unsafe",
    "decentdb_profile_tuned": "decentdb_tuned_durable:wal_sync_full cache_size_mb=64 retain_paged_row_sources_after_commit=true paged_row_storage=false wal_autocheckpoint=0 process_coordination=single_process_unsafe",
    "duckdb_durability": "engine_default",
    "duckdb_engine_note": "engine-default durability and thread behavior are explicitly retained for this row",
    "duckdb_profile": "duckdb_engine_default",
    "duckdb_threads_note": "duckdb forced to single thread; concurrent read test falls back to single-threaded for duckdb because Connection is not Send",
    "durability_profile": "engine_specific_with_profile_pairs",
    "hardware_class_note": "native_linux_cpu; results may not generalize to embedded targets such as raspberry pi",
    "insert_timing_scope": "prepared_transaction_body_excludes_begin_prepare_and_final_commit; durable commit cost is reported separately as commit_workload",
    "insert_workload": "prepared_single_row_insert_loop_inside_one_explicit_transaction",
    "join_dataset_rows": "10000",
    "join_workload": "prepared_inner_join_lookup_with_value_materialization",
    "latency_capture_unit": "nanoseconds",
    "latency_report_unit": "milliseconds",
    "machine": "AMD EPYC 9V45 96-Core Processor",