{
  "engines": {
    "H2": {
      "read_p95_ms": 0.1499859999967157
    },
    "HSQLDB": {
      "read_p95_ms": 0.22663100003228465
    },
    "decentdb_default_durable": {
      "aggregate_p95_ms": 0.1270212,
      "aggregate_p95_stddev_ms": 0.0007949750687914625,
      "commit_p95_ms": 0.8042004,
      "commit_p95_stddev_ms": 0.02227940716087391,
      "concurrent_read_p95_ms": 0.042816200000000006,
      "concurrent_read_p95_stddev_ms": 0.001875431299728145,
      "concurrent_read_threads": 4,
      "db_size_mb": 3.691436767578125,
      "insert_rows_per_sec": 2194515.6421757923,
      "insert_rps_stddev": 75943.42022090642,
      "join_p95_ms": 0.0284508,
      "join_p95_stddev_ms": 0.00043255029765334834,
      "range_scan_p95_ms": 0.6461822,
      "range_scan_p95_stddev_ms": 0.0030837200521448057,
      "read_p95_ms": 0.016232399999999998,
      "read_p95_stddev_ms": 2.4775794639122914e-05
    },
    "decentdb_tuned_durable": {
      "aggregate_p95_ms": 0.0254464,
      "aggregate_p95_stddev_ms": 0.00016203036752411587,
      "commit_p95_ms": 0.2821846,
      "commit_p95_stddev_ms": 0.013089310976518206,
      "concurrent_read_p95_ms": 0.0031690000000000004,
      "concurrent_read_p95_stddev_ms": 0.0001762498226949463,
      "concurrent_read_threads": 4,
      "db_size_mb": 3.210968017578125,
      "insert_rows_per_sec": 2556491.156678457,
      "insert_rps_stddev": 91603.87023677173,
      "join_p95_ms": 0.0016746,
      "join_p95_stddev_ms": 1.9540726700918776e-05,
      "range_scan_p95_ms": 0.0104794,
      "range_scan_p95_stddev_ms": 0.00019311405956066487,
      "read_p95_ms": 0.0010754,
      "read_p95_stddev_ms": 1.992586259111506e-05
    },
    "duckdb": {
      "aggregate_p95_ms": 0.3066334,
      "aggregate_p95_stddev_ms": 0.004363760974205633,
      "commit_p95_ms": 0.654369,
      "commit_p95_stddev_ms": 0.012996830705983679,
      "concurrent_read_p95_ms": 0.235262,
      "concurrent_read_p95_stddev_ms": 0.0030637155220418237,
      "concurrent_read_threads": 4,
      "db_size_mb": 3.26171875,
      "insert_rows_per_sec": 4993.912294953237,
      "insert_rps_stddev": 11.367834857755408,
      "join_p95_ms": 0.5187744,
      "join_p95_stddev_ms": 0.03661681675186962,
      "range_scan_p95_ms": 1.1420764,
      "range_scan_p95_stddev_ms": 0.12475402041232976,
      "read_p95_ms": 0.223775,
      "read_p95_stddev_ms": 0.0008476584217714079
    },
    "sqlite": {
      "aggregate_p95_ms": 0.03740400000000001,
      "aggregate_p95_stddev_ms": 0.003144751882104533,
      "commit_p95_ms": 0.30904919999999997,
      "commit_p95_stddev_ms": 0.020187918757514352,
      "concurrent_read_p95_ms": 0.0267842,
      "concurrent_read_p95_stddev_ms": 0.010956490741108669,
      "concurrent_read_threads": 4,
      "db_size_mb": 2.1953125,
      "insert_rows_per_sec": 2441239.934708044,
      "insert_rps_stddev": 28506.2384885483,
      "join_p95_ms": 0.0038060000000000004,
      "join_p95_stddev_ms": 8.508818954473066e-05,
      "range_scan_p95_ms": 0.0120984,
      "range_scan_p95_stddev_ms": 0.0017219501270362046,
      "read_p95_ms": 0.003451,
      "read_p95_stddev_ms": 2.576819745345017e-05
    }
  },
  "metadata": {
    "aggregate_workload": "prepared_count_sum_aggregate_on_user_id",
    "aggregated_at": "2026-05-19T14:18:16.442901+00:00",
    "benchmark_profile": "single_thread_prepared_statement_oltp_with_concurrent_read_extension",
    "binding_parity_note": "sqlite via rusqlite FFI; duckdb via duckdb-rs FFI; decentdb via native Rust API (zero FFI overhead in benchmark loop)",
    "commit_workload": "prepared_single_row_auto_commit_insert_p95",
    "concurrent_read_workload": "4_threads_each_doing_25000_prepared_point_lookups",
    "decentdb_clone_overhead_note": "removed string.clone() on every read in this revision to eliminate heap-allocator skew",
    "decentdb_durability": "wal_sync_full",
    "decentdb_profile_default": "decentdb_default_durable:wal_sync_full cache_size_mb=4",
    "decentdb_profile_tuned": "decentdb_tuned_durable:wal_sync_full cache_size_mb=64 retain_paged_row_sources_after_commit=true paged_row_storage=false wal_autocheckpoint=0",
    "duckdb_durability": "engine_default",
    "duckdb_threads_note": "duckdb forced to single thread; concurrent read test falls back to single-threaded for duckdb because Connection is not Send",
    "durability_profile": "engine_specific_with_profile_pairs",
    "hardware_class_note": "server_cloud_cpu; results may not generalize to embedded targets such as raspberry pi",
    "insert_timing_scope": "prepared_transaction_body_excludes_begin_prepare_and_final_commit; durable commit cost is reported separately as commit_workload",
    "insert_workload": "prepared_single_row_insert_loop_inside_one_explicit_transaction",
    "join_dataset_rows": "10000",
    "join_workload": "prepared_inner_join_lookup_with_value_materialization",
    "latency_capture_unit": "nanoseconds",
    "latency_report_unit": "milliseconds",
    "machine": "AMD EPYC 9V74 80-Core Processor",
    "notes": "merged extra engines from .tmp/benchmark-assets/root-readme-results.json",
    "os": "linux",
    "python_merge_target_operations": 500,
    "range_scan_workload": "prepared_range_scan_50_rows_ordered",
    "read_pattern": "deterministic_permutation",
    "read_workload": "prepared_point_lookup_with_value_materialization",
    "run_id": "1779199758217",
    "size_measurement": "db_plus_wal_after_checkpoint",
    "sqlite_durability": "wal+synchronous_full+wal_autocheckpoint_0",
    "sqlite_profile": "sqlite_wal_full",
    "statistical_runs": "5",
    "storage_root": "../../target/embedded_compare",
    "wal_autocheckpoint_note": "sqlite wal_autocheckpoint=0 is a benchmark-specific tuning; production defaults differ"
  }
}
