{
  "engines": {
    "decentdb_default_durable": {
      "read_p95_ms": 0.0125112,
      "read_p95_stddev_ms": 0.00036627497867039704,
      "join_p95_ms": 0.023428,
      "join_p95_stddev_ms": 0.0014628701924641158,
      "commit_p95_ms": 3.5788026000000004,
      "commit_p95_stddev_ms": 0.38242451207295797,
      "insert_rows_per_sec": 2072005.4000623934,
      "insert_rps_stddev": 92525.24117434972,
      "db_size_mb": 3.691436767578125,
      "range_scan_p95_ms": 0.455311,
      "range_scan_p95_stddev_ms": 0.0010608719055569481,
      "aggregate_p95_ms": 0.10977199999999998,
      "aggregate_p95_stddev_ms": 0.003975024880425279,
      "concurrent_read_p95_ms": 0.0489656,
      "concurrent_read_p95_stddev_ms": 0.0003144255714791659,
      "concurrent_read_threads": 4
    },
    "decentdb_tuned_durable": {
      "read_p95_ms": 0.0009776,
      "read_p95_stddev_ms": 0.000046872593271548365,
      "join_p95_ms": 0.0016132,
      "join_p95_stddev_ms": 0.000049640306203729255,
      "commit_p95_ms": 3.0680774,
      "commit_p95_stddev_ms": 0.0016104469690119711,
      "insert_rows_per_sec": 2195665.489712306,
      "insert_rps_stddev": 55337.79470662764,
      "db_size_mb": 3.210968017578125,
      "range_scan_p95_ms": 0.0082356,
      "range_scan_p95_stddev_ms": 0.0004127282883447657,
      "aggregate_p95_ms": 0.019615,
      "aggregate_p95_stddev_ms": 0.00023274105783037058,
      "concurrent_read_p95_ms": 0.0099326,
      "concurrent_read_p95_stddev_ms": 0.0019134154384241808,
      "concurrent_read_threads": 4
    },
    "duckdb": {
      "read_p95_ms": 0.1493182,
      "read_p95_stddev_ms": 0.0034339681652572154,
      "join_p95_ms": 0.33397519999999997,
      "join_p95_stddev_ms": 0.022294367821492498,
      "commit_p95_ms": 3.0656492,
      "commit_p95_stddev_ms": 0.0036619889349915457,
      "insert_rows_per_sec": 7459.273321456613,
      "insert_rps_stddev": 85.93332622479775,
      "db_size_mb": 3.26171875,
      "range_scan_p95_ms": 0.8005896,
      "range_scan_p95_stddev_ms": 0.06678536357795771,
      "aggregate_p95_ms": 0.19954480000000002,
      "aggregate_p95_stddev_ms": 0.00698329653960076,
      "concurrent_read_p95_ms": 0.1521954,
      "concurrent_read_p95_stddev_ms": 0.0037622245865976604,
      "concurrent_read_threads": 4
    },
    "sqlite": {
      "read_p95_ms": 0.0025570000000000002,
      "read_p95_stddev_ms": 0.000014696938456699107,
      "join_p95_ms": 0.0031579999999999998,
      "join_p95_stddev_ms": 0.000048744230427815744,
      "commit_p95_ms": 3.0710398,
      "commit_p95_stddev_ms": 0.0026486332626469693,
      "insert_rows_per_sec": 2020119.056292265,
      "insert_rps_stddev": 32584.725369904154,
      "db_size_mb": 2.1953125,
      "range_scan_p95_ms": 0.015118199999999998,
      "range_scan_p95_stddev_ms": 0.0008372878596993983,
      "aggregate_p95_ms": 0.030822,
      "aggregate_p95_stddev_ms": 0.0004752565622903063,
      "concurrent_read_p95_ms": 0.0155474,
      "concurrent_read_p95_stddev_ms": 0.0009804575666493677,
      "concurrent_read_threads": 4
    }
  },
  "metadata": {
    "aggregate_workload": "prepared_count_sum_aggregate_on_user_id",
    "benchmark_profile": "single_thread_prepared_statement_oltp_with_concurrent_read_extension",
    "binding_parity_note": "sqlite via rusqlite FFI; duckdb via duckdb-rs FFI; decentdb via native Rust API (zero FFI overhead in benchmark loop)",
    "commit_workload": "prepared_single_row_auto_commit_insert_p95",
    "concurrent_read_workload": "4_threads_each_doing_25000_prepared_point_lookups",
    "decentdb_clone_overhead_note": "removed string.clone() on every read in this revision to eliminate heap-allocator skew",
    "decentdb_durability": "wal_sync_full",
    "decentdb_profile_default": "decentdb_default_durable:wal_sync_full cache_size_mb=4",
    "decentdb_profile_tuned": "decentdb_tuned_durable:wal_sync_full cache_size_mb=64 retain_paged_row_sources_after_commit=true paged_row_storage=false wal_autocheckpoint=0",
    "duckdb_durability": "engine_default",
    "duckdb_threads_note": "duckdb forced to single thread; concurrent read test falls back to single-threaded for duckdb because Connection is not Send",
    "durability_profile": "engine_specific_with_profile_pairs",
    "hardware_class_note": "server_cloud_cpu; results may not generalize to embedded targets such as raspberry pi",
    "insert_timing_scope": "prepared_transaction_body_excludes_begin_prepare_and_final_commit; durable commit cost is reported separately as commit_workload",
    "insert_workload": "prepared_single_row_insert_loop_inside_one_explicit_transaction",
    "join_dataset_rows": "10000",
    "join_workload": "prepared_inner_join_lookup_with_value_materialization",
    "latency_capture_unit": "nanoseconds",
    "latency_report_unit": "milliseconds",
    "machine": "AMD Ryzen 9 3900X 12-Core Processor",
    "os": "linux",
    "range_scan_workload": "prepared_range_scan_50_rows_ordered",
    "read_pattern": "deterministic_permutation",
    "read_workload": "prepared_point_lookup_with_value_materialization",
    "run_id": "1779166226374",
    "size_measurement": "db_plus_wal_after_checkpoint",
    "sqlite_durability": "wal+synchronous_full+wal_autocheckpoint_0",
    "sqlite_profile": "sqlite_wal_full",
    "statistical_runs": "5",
    "storage_root": "../../target/embedded_compare",
    "wal_autocheckpoint_note": "sqlite wal_autocheckpoint=0 is a benchmark-specific tuning; production defaults differ"
  }
}