{
  "engines": {
    "H2": {
      "db_plus_wal_size_mb": 0.0,
      "db_size_mb_main": 0.0,
      "db_size_mb_source": "python:h2(jdbc)",
      "os_cache_state": "unknown_os_cache",
      "os_cache_state_source": "python:h2(jdbc)",
      "process_state": "warm_process",
      "process_state_source": "python:h2(jdbc)",
      "read_p95_ms": 0.1507679999122047,
      "storage_state": "reused_storage",
      "storage_state_source": "python:h2(jdbc)",
      "wal_size_mb": 0.0,
      "wal_size_mb_source": "python:h2(jdbc)"
    },
    "HSQLDB": {
      "db_plus_wal_size_mb": 0.0,
      "db_size_mb_main": 0.0,
      "db_size_mb_source": "python:hsqldb(jdbc)",
      "os_cache_state": "unknown_os_cache",
      "os_cache_state_source": "python:hsqldb(jdbc)",
      "process_state": "warm_process",
      "process_state_source": "python:hsqldb(jdbc)",
      "read_p95_ms": 0.12149399981353781,
      "storage_state": "reused_storage",
      "storage_state_source": "python:hsqldb(jdbc)",
      "wal_size_mb": 0.0,
      "wal_size_mb_source": "python:hsqldb(jdbc)"
    },
    "decentdb_balanced_durable": {
      "aggregate_p95_ms": 0.1277712,
      "aggregate_p95_stddev_ms": 0.0009994471271658105,
      "commit_p95_ms": 0.7269226000000001,
      "commit_p95_stddev_ms": 0.022606615161054062,
      "concurrent_read_p95_ms": 0.0391216,
      "concurrent_read_p95_stddev_ms": 0.0014016312781898108,
      "concurrent_read_threads": 4,
      "db_plus_wal_size_mb": 3.691436767578125,
      "db_size_mb": 3.691436767578125,
      "db_size_mb_main": 3.69140625,
      "insert_rows_per_sec": 2733173.1024100333,
      "insert_rps_stddev": 48043.651920948665,
      "join_p95_ms": 0.03127339999999999,
      "join_p95_stddev_ms": 0.0013949306219307113,
      "range_scan_p95_ms": 0.6494152000000001,
      "range_scan_p95_stddev_ms": 0.01733116440865992,
      "read_p95_ms": 0.0166952,
      "read_p95_stddev_ms": 0.00010158818828978028,
      "wal_size_mb": 3.0517578125e-05
    },
    "decentdb_low_memory_durable": {
      "aggregate_p95_ms": 0.127046,
      "aggregate_p95_stddev_ms": 0.0007514024221414206,
      "commit_p95_ms": 0.7066144000000001,
      "commit_p95_stddev_ms": 0.02292963661814116,
      "concurrent_read_p95_ms": 0.0374746,
      "concurrent_read_p95_stddev_ms": 0.00018795382411645778,
      "concurrent_read_threads": 4,
      "db_plus_wal_size_mb": 3.691436767578125,
      "db_size_mb": 3.691436767578125,
      "db_size_mb_main": 3.69140625,
      "insert_rows_per_sec": 2712277.0802892847,
      "insert_rps_stddev": 28871.759467030326,
      "join_p95_ms": 0.030346,
      "join_p95_stddev_ms": 0.00027568097504180445,
      "range_scan_p95_ms": 0.6394088,
      "range_scan_p95_stddev_ms": 0.003706620962547965,
      "read_p95_ms": 0.016755399999999997,
      "read_p95_stddev_ms": 4.5741010045691175e-05,
      "wal_size_mb": 3.0517578125e-05
    },
    "decentdb_tuned_durable": {
      "aggregate_p95_ms": 0.033260200000000004,
      "aggregate_p95_stddev_ms": 0.00014345786837953372,
      "commit_p95_ms": 0.2920654,
      "commit_p95_stddev_ms": 0.018718806196977408,
      "concurrent_read_p95_ms": 0.005172,
      "concurrent_read_p95_stddev_ms": 0.0014738976898007541,
      "concurrent_read_threads": 4,
      "db_plus_wal_size_mb": 3.210968017578125,
      "db_size_mb": 3.210968017578125,
      "db_size_mb_main": 3.2109375,
      "insert_rows_per_sec": 3165362.0917480323,
      "insert_rps_stddev": 65296.93729765778,
      "join_p95_ms": 0.003423,
      "join_p95_stddev_ms": 3.429285639896445e-05,
      "range_scan_p95_ms": 0.0127396,
      "range_scan_p95_stddev_ms": 9.297440508010801e-05,
      "read_p95_ms": 0.002157,
      "read_p95_stddev_ms": 8.000000000000022e-06,
      "wal_size_mb": 3.0517578125e-05
    },
    "duckdb_engine_default": {
      "aggregate_p95_ms": 0.3040676,
      "aggregate_p95_stddev_ms": 0.0043554705187844,
      "commit_p95_ms": 0.6795776,
      "commit_p95_stddev_ms": 0.02812941420364102,
      "concurrent_read_p95_ms": 0.2321008,
      "concurrent_read_p95_stddev_ms": 0.0031074325994299486,
      "concurrent_read_threads": 4,
      "db_plus_wal_size_mb": 3.26171875,
      "db_size_mb": 3.26171875,
      "db_size_mb_main": 3.26171875,
      "insert_rows_per_sec": 5040.817454452508,
      "insert_rps_stddev": 12.283149827520052,
      "join_p95_ms": 0.49786840000000004,
      "join_p95_stddev_ms": 0.007113899032176369,
      "range_scan_p95_ms": 1.1110314000000001,
      "range_scan_p95_stddev_ms": 0.11319194519682048,
      "read_p95_ms": 0.22323139999999997,
      "read_p95_stddev_ms": 0.0004956747320572254,
      "wal_size_mb": 0.0
    },
    "sqlite": {
      "aggregate_p95_ms": 0.037208000000000005,
      "aggregate_p95_stddev_ms": 0.002107026815206678,
      "commit_p95_ms": 0.355862,
      "commit_p95_stddev_ms": 0.056214339010611875,
      "concurrent_read_p95_ms": 0.0235814,
      "concurrent_read_p95_stddev_ms": 0.013956588044360984,
      "concurrent_read_threads": 4,
      "db_plus_wal_size_mb": 2.1953125,
      "db_size_mb": 2.1953125,
      "db_size_mb_main": 2.1953125,
      "insert_rows_per_sec": 2123576.2224724004,
      "insert_rps_stddev": 127135.98280208975,
      "join_p95_ms": 0.0036796000000000003,
      "join_p95_stddev_ms": 1.036532681588e-05,
      "range_scan_p95_ms": 0.0109806,
      "range_scan_p95_stddev_ms": 0.00020203821420711494,
      "read_p95_ms": 0.0034029999999999998,
      "read_p95_stddev_ms": 0.00010027960909377343,
      "wal_size_mb": 0.0
    }
  },
  "metadata": {
    "aggregate_workload": "prepared_count_sum_aggregate_on_user_id",
    "aggregated_at": "2026-05-29T02:53:13.312051+00:00",
    "benchmark_profile": "single_thread_prepared_statement_oltp_with_concurrent_read_extension",
    "binding_parity_note": "sqlite via rusqlite FFI; duckdb via duckdb-rs FFI; decentdb via native Rust API (zero FFI overhead in benchmark loop)",
    "commit_workload": "prepared_single_row_auto_commit_insert_p95",
    "concurrent_read_workload": "4_threads_each_doing_25000_prepared_point_lookups",
    "decentdb_clone_overhead_note": "removed string.clone() on every read in this revision to eliminate heap-allocator skew",
    "decentdb_durability": "wal_sync_full",
    "decentdb_process_coordination": "single_process_unsafe",
    "decentdb_profile_balanced": "decentdb_balanced_durable:wal_sync_full cache_size_mb=16 process_coordination=single_process_unsafe",
    "decentdb_profile_default": "decentdb_balanced_durable:wal_sync_full cache_size_mb=16 process_coordination=single_process_unsafe",
    "decentdb_profile_low_memory": "decentdb_low_memory_durable:wal_sync_full cache_size_mb=4 process_coordination=single_process_unsafe",
    "decentdb_profile_tuned": "decentdb_tuned_durable:wal_sync_full cache_size_mb=64 retain_paged_row_sources_after_commit=true paged_row_storage=false wal_autocheckpoint=0 process_coordination=single_process_unsafe",
    "duckdb_durability": "engine_default",
    "duckdb_engine_note": "engine-default durability and thread behavior are explicitly retained for this row",
    "duckdb_profile": "duckdb_engine_default",
    "duckdb_threads_note": "duckdb forced to single thread; concurrent read test falls back to single-threaded for duckdb because Connection is not Send",
    "durability_profile": "engine_specific_with_profile_pairs",
    "hardware_class_note": "native_linux_cpu; results may not generalize to embedded targets such as raspberry pi",
    "insert_timing_scope": "prepared_transaction_body_excludes_begin_prepare_and_final_commit; durable commit cost is reported separately as commit_workload",
    "insert_workload": "prepared_single_row_insert_loop_inside_one_explicit_transaction",
    "join_dataset_rows": "10000",
    "join_workload": "prepared_inner_join_lookup_with_value_materialization",
    "latency_capture_unit": "nanoseconds",
    "latency_report_unit": "milliseconds",
    "machine": "AMD EPYC 9V74 80-Core Processor",