{
  "engines": {
    "H2": {
      "db_plus_wal_size_mb": 0.0,
      "db_size_mb_main": 0.0,
      "db_size_mb_source": "python:h2(jdbc)",
      "os_cache_state": "unknown_os_cache",
      "os_cache_state_source": "python:h2(jdbc)",
      "process_state": "warm_process",
      "process_state_source": "python:h2(jdbc)",
      "read_p95_ms": 0.1797370000531373,
      "storage_state": "reused_storage",
      "storage_state_source": "python:h2(jdbc)",
      "wal_size_mb": 0.0,
      "wal_size_mb_source": "python:h2(jdbc)"
    },
    "HSQLDB": {
      "db_plus_wal_size_mb": 0.0,
      "db_size_mb_main": 0.0,
      "db_size_mb_source": "python:hsqldb(jdbc)",
      "os_cache_state": "unknown_os_cache",
      "os_cache_state_source": "python:hsqldb(jdbc)",
      "process_state": "warm_process",
      "process_state_source": "python:hsqldb(jdbc)",
      "read_p95_ms": 0.24487000018780236,
      "storage_state": "reused_storage",
      "storage_state_source": "python:hsqldb(jdbc)",
      "wal_size_mb": 0.0,
      "wal_size_mb_source": "python:hsqldb(jdbc)"
    },
    "decentdb_balanced_durable": {
      "aggregate_p95_ms": 0.000463,
      "aggregate_p95_stddev_ms": 4.00000000000001e-06,
      "commit_p95_ms": 1.1159496,
      "commit_p95_stddev_ms": 0.07853990114228565,
      "concurrent_read_p95_ms": 0.0011861999999999997,
      "concurrent_read_p95_stddev_ms": 6.751710894284499e-05,
      "concurrent_read_threads": 4,
      "db_plus_wal_size_mb": 3.695343017578125,
      "db_size_mb": 3.695343017578125,
      "db_size_mb_main": 3.6953125,
      "insert_rows_per_sec": 2911053.4361194307,
      "insert_rps_stddev": 32303.734284696697,
      "join_p95_ms": 0.0010742000000000002,
      "join_p95_stddev_ms": 1.1973303637676617e-05,
      "range_scan_p95_ms": 0.009436000000000002,
      "range_scan_p95_stddev_ms": 3.6551333764994615e-05,
      "read_p95_ms": 0.0006716,
      "read_p95_stddev_ms": 1.5628179676469043e-05,
      "wal_size_mb": 3.0517578125e-05
    },
    "decentdb_low_memory_durable": {
      "aggregate_p95_ms": 0.00046899999999999996,
      "aggregate_p95_stddev_ms": 4.00000000000001e-06,
      "commit_p95_ms": 1.0379943999999999,
      "commit_p95_stddev_ms": 0.11941784028963177,
      "concurrent_read_p95_ms": 0.0012242,
      "concurrent_read_p95_stddev_ms": 2.9855652731099332e-05,
      "concurrent_read_threads": 4,
      "db_plus_wal_size_mb": 3.695343017578125,
      "db_size_mb": 3.695343017578125,
      "db_size_mb_main": 3.6953125,
      "insert_rows_per_sec": 2906776.4737396063,
      "insert_rps_stddev": 26534.951212154607,
      "join_p95_ms": 0.0010764,
      "join_p95_stddev_ms": 1.6032467059064925e-05,
      "range_scan_p95_ms": 0.0093936,
      "range_scan_p95_stddev_ms": 4.531048443793104e-05,
      "read_p95_ms": 0.0006672000000000001,
      "read_p95_stddev_ms": 4.664761515876248e-06,
      "wal_size_mb": 3.0517578125e-05
    },
    "decentdb_tuned_durable": {
      "aggregate_p95_ms": 0.00046899999999999996,
      "aggregate_p95_stddev_ms": 7.483314773547885e-06,
      "commit_p95_ms": 1.0743868,
      "commit_p95_stddev_ms": 0.05722529922822594,
      "concurrent_read_p95_ms": 0.0012346000000000002,
      "concurrent_read_p95_stddev_ms": 7.590678494047814e-05,
      "concurrent_read_threads": 4,
      "db_plus_wal_size_mb": 4.062530517578125,
      "db_size_mb": 4.062530517578125,
      "db_size_mb_main": 4.0625,
      "insert_rows_per_sec": 3336342.5011574547,
      "insert_rps_stddev": 111365.3992058954,
      "join_p95_ms": 0.001226,
      "join_p95_stddev_ms": 9.748846085563154e-05,
      "range_scan_p95_ms": 0.004480199999999999,
      "range_scan_p95_stddev_ms": 0.00015222141767832798,
      "read_p95_ms": 0.0008937999999999999,
      "read_p95_stddev_ms": 3.6000000000000007e-06,
      "wal_size_mb": 3.0517578125e-05
    },
    "duckdb_engine_default": {
      "aggregate_p95_ms": 0.29122079999999995,
      "aggregate_p95_stddev_ms": 0.0018196573743427566,
      "commit_p95_ms": 1.6185409999999998,
      "commit_p95_stddev_ms": 0.08052156697680442,
      "concurrent_read_p95_ms": 0.227413,
      "concurrent_read_p95_stddev_ms": 0.0010113766855133638,
      "concurrent_read_threads": 4,
      "db_plus_wal_size_mb": 3.26171875,
      "db_size_mb": 3.26171875,
      "db_size_mb_main": 3.26171875,
      "insert_rows_per_sec": 4975.784813768548,
      "insert_rps_stddev": 22.416202461439276,
      "join_p95_ms": 0.48254659999999994,
      "join_p95_stddev_ms": 0.0052491145386626865,
      "range_scan_p95_ms": 1.0529836,
      "range_scan_p95_stddev_ms": 0.09009595261186819,
      "read_p95_ms": 0.222069,
      "read_p95_stddev_ms": 0.001123613812659852,
      "wal_size_mb": 0.0
    },
    "sqlite": {
      "aggregate_p95_ms": 0.0355024,
      "aggregate_p95_stddev_ms": 0.0008447216346229096,
      "commit_p95_ms": 1.3188172,
      "commit_p95_stddev_ms": 0.03355156025820556,
      "concurrent_read_p95_ms": 0.0370418,
      "concurrent_read_p95_stddev_ms": 0.0006415466935461533,
      "concurrent_read_threads": 4,
      "db_plus_wal_size_mb": 2.1953125,
      "db_size_mb": 2.1953125,
      "db_size_mb_main": 2.1953125,
      "insert_rows_per_sec": 2093770.2136049762,
      "insert_rps_stddev": 19271.9967595348,
      "join_p95_ms": 0.003232,
      "join_p95_stddev_ms": 7.889233169326413e-05,
      "range_scan_p95_ms": 0.0109064,
      "range_scan_p95_stddev_ms": 0.0003472696934660441,
      "read_p95_ms": 0.0028554,
      "read_p95_stddev_ms": 2.375373654817287e-05,
      "wal_size_mb": 0.0
    }
  },
  "metadata": {
    "aggregate_workload": "prepared_count_sum_aggregate_on_user_id",
    "aggregated_at": "2026-07-01T02:45:56.346970+00:00",
    "benchmark_profile": "single_thread_prepared_statement_oltp_with_concurrent_read_extension",
    "binding_parity_note": "sqlite via rusqlite FFI; duckdb via duckdb-rs FFI; decentdb via native Rust API (zero FFI overhead in benchmark loop)",
    "commit_workload": "prepared_single_row_auto_commit_insert_p95",
    "concurrent_read_workload": "4_threads_each_doing_25000_prepared_point_lookups",
    "decentdb_clone_overhead_note": "removed string.clone() on every read in this revision to eliminate heap-allocator skew",
    "decentdb_durability": "wal_sync_full",
    "decentdb_process_coordination": "single_process_unsafe",
    "decentdb_profile_balanced": "decentdb_balanced_durable:wal_sync_full cache_size_mb=16 process_coordination=single_process_unsafe",
    "decentdb_profile_default": "decentdb_balanced_durable:wal_sync_full cache_size_mb=16 process_coordination=single_process_unsafe",
    "decentdb_profile_low_memory": "decentdb_low_memory_durable:wal_sync_full cache_size_mb=4 process_coordination=single_process_unsafe",
    "decentdb_profile_tuned": "decentdb_tuned_durable:wal_sync_full cache_size_mb=64 retain_paged_row_sources_after_commit=true paged_row_storage=false wal_autocheckpoint=0 process_coordination=single_process_unsafe",
    "duckdb_durability": "engine_default",
    "duckdb_engine_note": "engine-default durability and thread behavior are explicitly retained for this row",
    "duckdb_profile": "duckdb_engine_default",
    "duckdb_threads_note": "duckdb forced to single thread; concurrent read test falls back to single-threaded for duckdb because Connection is not Send",
    "durability_profile": "engine_specific_with_profile_pairs",
    "hardware_class_note": "native_linux_cpu; results may not generalize to embedded targets such as raspberry pi",
    "insert_timing_scope": "prepared_transaction_body_excludes_begin_prepare_and_final_commit; durable commit cost is reported separately as commit_workload",
    "insert_workload": "prepared_single_row_insert_loop_inside_one_explicit_transaction",
    "join_dataset_rows": "10000",
    "join_workload": "prepared_inner_join_lookup_with_value_materialization",
    "latency_capture_unit": "nanoseconds",
    "latency_report_unit": "milliseconds",
    "machine": "AMD EPYC 7763 64-Core Processor",