{
  "engines": {
    "H2": {
      "db_plus_wal_size_mb": 0.0,
      "db_size_mb_main": 0.0,
      "db_size_mb_source": "python:h2(jdbc)",
      "os_cache_state": "unknown_os_cache",
      "os_cache_state_source": "python:h2(jdbc)",
      "process_state": "warm_process",
      "process_state_source": "python:h2(jdbc)",
      "read_p95_ms": 0.11361300016687892,
      "storage_state": "reused_storage",
      "storage_state_source": "python:h2(jdbc)",
      "wal_size_mb": 0.0,
      "wal_size_mb_source": "python:h2(jdbc)"
    },
    "HSQLDB": {
      "db_plus_wal_size_mb": 0.0,
      "db_size_mb_main": 0.0,
      "db_size_mb_source": "python:hsqldb(jdbc)",
      "os_cache_state": "unknown_os_cache",
      "os_cache_state_source": "python:hsqldb(jdbc)",
      "process_state": "warm_process",
      "process_state_source": "python:hsqldb(jdbc)",
      "read_p95_ms": 0.27316099999552534,
      "storage_state": "reused_storage",
      "storage_state_source": "python:hsqldb(jdbc)",
      "wal_size_mb": 0.0,
      "wal_size_mb_source": "python:hsqldb(jdbc)"
    },
    "decentdb_balanced_durable": {
      "aggregate_p95_ms": 0.1380964,
      "aggregate_p95_stddev_ms": 0.0007602416984091294,
      "commit_p95_ms": 0.8928578,
      "commit_p95_stddev_ms": 0.04969427173990984,
      "concurrent_read_p95_ms": 0.086047,
      "concurrent_read_p95_stddev_ms": 0.00024643132917711685,
      "concurrent_read_threads": 4,
      "db_plus_wal_size_mb": 3.691436767578125,
      "db_size_mb": 3.691436767578125,
      "db_size_mb_main": 3.69140625,
      "insert_rows_per_sec": 2708544.686000662,
      "insert_rps_stddev": 34824.235734800975,
      "join_p95_ms": 0.041805999999999996,
      "join_p95_stddev_ms": 0.0010492925235605175,
      "range_scan_p95_ms": 0.6404734,
      "range_scan_p95_stddev_ms": 0.004586327227749876,
      "read_p95_ms": 0.0248306,
      "read_p95_stddev_ms": 0.0002668547170278237,
      "wal_size_mb": 3.0517578125e-05
    },
    "decentdb_low_memory_durable": {
      "aggregate_p95_ms": 0.1388656,
      "aggregate_p95_stddev_ms": 0.00045041873850895853,
      "commit_p95_ms": 0.8637627999999999,
      "commit_p95_stddev_ms": 0.021993141170828696,
      "concurrent_read_p95_ms": 0.086546,
      "concurrent_read_p95_stddev_ms": 0.0005676421407894223,
      "concurrent_read_threads": 4,
      "db_plus_wal_size_mb": 3.691436767578125,
      "db_size_mb": 3.691436767578125,
      "db_size_mb_main": 3.69140625,
      "insert_rows_per_sec": 2692957.26555108,
      "insert_rps_stddev": 18604.94536958011,
      "join_p95_ms": 0.041758,
      "join_p95_stddev_ms": 0.0019579035727021895,
      "range_scan_p95_ms": 0.6393538,
      "range_scan_p95_stddev_ms": 0.001969471035582933,
      "read_p95_ms": 0.0249306,
      "read_p95_stddev_ms": 0.0001944516392319693,
      "wal_size_mb": 3.0517578125e-05
    },
    "decentdb_tuned_durable": {
      "aggregate_p95_ms": 0.0470584,
      "aggregate_p95_stddev_ms": 0.000643610006137256,
      "commit_p95_ms": 0.42037199999999997,
      "commit_p95_stddev_ms": 0.011689364944255947,
      "concurrent_read_p95_ms": 0.12203420000000001,
      "concurrent_read_p95_stddev_ms": 0.000996974302577556,
      "concurrent_read_threads": 4,
      "db_plus_wal_size_mb": 3.210968017578125,
      "db_size_mb": 3.210968017578125,
      "db_size_mb_main": 3.2109375,
      "insert_rows_per_sec": 3395411.3843327374,
      "insert_rps_stddev": 184257.68963703184,
      "join_p95_ms": 0.010908199999999998,
      "join_p95_stddev_ms": 0.00010006477901839383,
      "range_scan_p95_ms": 0.0215684,
      "range_scan_p95_stddev_ms": 0.00032707528185419316,
      "read_p95_ms": 0.0095942,
      "read_p95_stddev_ms": 1.826909959467101e-05,
      "wal_size_mb": 3.0517578125e-05
    },
    "duckdb_engine_default": {
      "aggregate_p95_ms": 0.2950342,
      "aggregate_p95_stddev_ms": 0.0023394465499344164,
      "commit_p95_ms": 0.7771239999999999,
      "commit_p95_stddev_ms": 0.021915634574431103,
      "concurrent_read_p95_ms": 0.2283636,
      "concurrent_read_p95_stddev_ms": 0.002238690921051857,
      "concurrent_read_threads": 4,
      "db_plus_wal_size_mb": 3.26171875,
      "db_size_mb": 3.26171875,
      "db_size_mb_main": 3.26171875,
      "insert_rows_per_sec": 4927.4716279891145,
      "insert_rps_stddev": 17.959927338831726,
      "join_p95_ms": 0.4935554,
      "join_p95_stddev_ms": 0.005419031522329424,
      "range_scan_p95_ms": 1.038261,
      "range_scan_p95_stddev_ms": 0.0979124047156437,
      "read_p95_ms": 0.22346019999999997,
      "read_p95_stddev_ms": 0.0008540619181300561,
      "wal_size_mb": 0.0
    },
    "sqlite": {
      "aggregate_p95_ms": 0.0387004,
      "aggregate_p95_stddev_ms": 0.007481227990109646,
      "commit_p95_ms": 0.4256088,
      "commit_p95_stddev_ms": 0.026287529381058234,
      "concurrent_read_p95_ms": 0.0421188,
      "concurrent_read_p95_stddev_ms": 0.00043915528005478816,
      "concurrent_read_threads": 4,
      "db_plus_wal_size_mb": 2.1953125,
      "db_size_mb": 2.1953125,
      "db_size_mb_main": 2.1953125,
      "insert_rows_per_sec": 2078297.7761616209,
      "insert_rps_stddev": 18775.720801104722,
      "join_p95_ms": 0.0032300000000000002,
      "join_p95_stddev_ms": 2.7276363393971637e-05,
      "range_scan_p95_ms": 0.010744199999999999,
      "range_scan_p95_stddev_ms": 0.00029508466581643956,
      "read_p95_ms": 0.0028996,
      "read_p95_stddev_ms": 4.84148737476409e-06,
      "wal_size_mb": 0.0
    }
  },
  "metadata": {
    "aggregate_workload": "prepared_count_sum_aggregate_on_user_id",
    "aggregated_at": "2026-05-28T17:22:59.673491+00:00",
    "benchmark_profile": "single_thread_prepared_statement_oltp_with_concurrent_read_extension",
    "binding_parity_note": "sqlite via rusqlite FFI; duckdb via duckdb-rs FFI; decentdb via native Rust API (zero FFI overhead in benchmark loop)",
    "commit_workload": "prepared_single_row_auto_commit_insert_p95",
    "concurrent_read_workload": "4_threads_each_doing_25000_prepared_point_lookups",
    "decentdb_clone_overhead_note": "removed string.clone() on every read in this revision to eliminate heap-allocator skew",
    "decentdb_durability": "wal_sync_full",
    "decentdb_profile_balanced": "decentdb_balanced_durable:wal_sync_full cache_size_mb=16",
    "decentdb_profile_default": "decentdb_balanced_durable:wal_sync_full cache_size_mb=16",
    "decentdb_profile_low_memory": "decentdb_low_memory_durable:wal_sync_full cache_size_mb=4",
    "decentdb_profile_tuned": "decentdb_tuned_durable:wal_sync_full cache_size_mb=64 retain_paged_row_sources_after_commit=true paged_row_storage=false wal_autocheckpoint=0",
    "duckdb_durability": "engine_default",
    "duckdb_engine_note": "engine-default durability and thread behavior are explicitly retained for this row",
    "duckdb_profile": "duckdb_engine_default",
    "duckdb_threads_note": "duckdb forced to single thread; concurrent read test falls back to single-threaded for duckdb because Connection is not Send",
    "durability_profile": "engine_specific_with_profile_pairs",
    "hardware_class_note": "native_linux_cpu; results may not generalize to embedded targets such as raspberry pi",
    "insert_timing_scope": "prepared_transaction_body_excludes_begin_prepare_and_final_commit; durable commit cost is reported separately as commit_workload",
    "insert_workload": "prepared_single_row_insert_loop_inside_one_explicit_transaction",
    "join_dataset_rows": "10000",
    "join_workload": "prepared_inner_join_lookup_with_value_materialization",
    "latency_capture_unit": "nanoseconds",
    "latency_report_unit": "milliseconds",
    "machine": "AMD EPYC 7763 64-Core Processor",
    "notes": "merged extra engines from .tmp/benchmark-assets/root-readme-results.json",
    "os": "linux",
    "os_cache_state": "unknown_os_cache",
    "process_state": "warm_process",
    "python_merge_target_operations": 500,
    "range_scan_workload": "prepared_range_scan_50_rows_ordered",