{
  "engines": {
    "H2": {
      "db_plus_wal_size_mb": 0.0,
      "db_size_mb_main": 0.0,
      "db_size_mb_source": "python:h2(jdbc)",
      "os_cache_state": "unknown_os_cache",
      "os_cache_state_source": "python:h2(jdbc)",
      "process_state": "warm_process",
      "process_state_source": "python:h2(jdbc)",
      "read_p95_ms": 0.15526100014540134,
      "storage_state": "reused_storage",
      "storage_state_source": "python:h2(jdbc)",
      "wal_size_mb": 0.0,
      "wal_size_mb_source": "python:h2(jdbc)"
    },
    "HSQLDB": {
      "db_plus_wal_size_mb": 0.0,
      "db_size_mb_main": 0.0,
      "db_size_mb_source": "python:hsqldb(jdbc)",
      "os_cache_state": "unknown_os_cache",
      "os_cache_state_source": "python:hsqldb(jdbc)",
      "process_state": "warm_process",
      "process_state_source": "python:hsqldb(jdbc)",
      "read_p95_ms": 0.21185400009926525,
      "storage_state": "reused_storage",
      "storage_state_source": "python:hsqldb(jdbc)",
      "wal_size_mb": 0.0,
      "wal_size_mb_source": "python:hsqldb(jdbc)"
    },
    "decentdb_balanced_durable": {
      "aggregate_p95_ms": 0.12599660000000001,
      "aggregate_p95_stddev_ms": 0.0005362098842803976,
      "commit_p95_ms": 0.7572398,
      "commit_p95_stddev_ms": 0.04712996442773962,
      "concurrent_read_p95_ms": 0.0403076,
      "concurrent_read_p95_stddev_ms": 0.0016937799857124306,
      "concurrent_read_threads": 4,
      "db_plus_wal_size_mb": 3.691436767578125,
      "db_size_mb": 3.691436767578125,
      "db_size_mb_main": 3.69140625,
      "insert_rows_per_sec": 2690363.540864972,
      "insert_rps_stddev": 41674.93080383992,
      "join_p95_ms": 0.0304834,
      "join_p95_stddev_ms": 0.0008856205959664672,
      "range_scan_p95_ms": 0.6620964,
      "range_scan_p95_stddev_ms": 0.02161795184192988,
      "read_p95_ms": 0.017011199999999997,
      "read_p95_stddev_ms": 0.00016142416176025286,
      "wal_size_mb": 3.0517578125e-05
    },
    "decentdb_low_memory_durable": {
      "aggregate_p95_ms": 0.1268062,
      "aggregate_p95_stddev_ms": 0.0009082593021819309,
      "commit_p95_ms": 0.7654936,
      "commit_p95_stddev_ms": 0.05059792956080316,
      "concurrent_read_p95_ms": 0.0406182,
      "concurrent_read_p95_stddev_ms": 0.00043250082080846855,
      "concurrent_read_threads": 4,
      "db_plus_wal_size_mb": 3.691436767578125,
      "db_size_mb": 3.691436767578125,
      "db_size_mb_main": 3.69140625,
      "insert_rows_per_sec": 2668108.6182545307,
      "insert_rps_stddev": 28503.29579719748,
      "join_p95_ms": 0.031146200000000002,
      "join_p95_stddev_ms": 0.001468174567277339,
      "range_scan_p95_ms": 0.6479972,
      "range_scan_p95_stddev_ms": 0.007463616587151304,
      "read_p95_ms": 0.0169752,
      "read_p95_stddev_ms": 0.00012712261797178352,
      "wal_size_mb": 3.0517578125e-05
    },
    "decentdb_tuned_durable": {
      "aggregate_p95_ms": 0.033812400000000006,
      "aggregate_p95_stddev_ms": 0.00028609620759457966,
      "commit_p95_ms": 0.3307088,
      "commit_p95_stddev_ms": 0.02334000189717215,
      "concurrent_read_p95_ms": 0.0049636,
      "concurrent_read_p95_stddev_ms": 0.0016266931609864228,
      "concurrent_read_threads": 4,
      "db_plus_wal_size_mb": 3.210968017578125,
      "db_size_mb": 3.210968017578125,
      "db_size_mb_main": 3.2109375,
      "insert_rows_per_sec": 3085003.9972371655,
      "insert_rps_stddev": 78944.66111347689,
      "join_p95_ms": 0.003527399999999999,
      "join_p95_stddev_ms": 0.00015813487913803203,
      "range_scan_p95_ms": 0.0146176,
      "range_scan_p95_stddev_ms": 0.001972233008546405,
      "read_p95_ms": 0.0022356,
      "read_p95_stddev_ms": 2.7236739893019453e-05,
      "wal_size_mb": 3.0517578125e-05
    },
    "duckdb_engine_default": {
      "aggregate_p95_ms": 0.3062802,
      "aggregate_p95_stddev_ms": 0.006504522531285451,
      "commit_p95_ms": 0.6694844000000001,
      "commit_p95_stddev_ms": 0.006950165022501257,
      "concurrent_read_p95_ms": 0.2340332,
      "concurrent_read_p95_stddev_ms": 0.003474474659570857,
      "concurrent_read_threads": 4,
      "db_plus_wal_size_mb": 3.26171875,
      "db_size_mb": 3.26171875,
      "db_size_mb_main": 3.26171875,
      "insert_rows_per_sec": 5015.458014961312,
      "insert_rps_stddev": 14.512030374970712,
      "join_p95_ms": 0.4954372,
      "join_p95_stddev_ms": 0.001525442021185989,
      "range_scan_p95_ms": 1.1041874,
      "range_scan_p95_stddev_ms": 0.11609939769456168,
      "read_p95_ms": 0.22413219999999998,
      "read_p95_stddev_ms": 0.0008224488798703493,
      "wal_size_mb": 0.0
    },
    "sqlite": {
      "aggregate_p95_ms": 0.0359154,
      "aggregate_p95_stddev_ms": 0.00035883009907197185,
      "commit_p95_ms": 0.3319026,
      "commit_p95_stddev_ms": 0.023318451831972023,
      "concurrent_read_p95_ms": 0.030361199999999998,
      "concurrent_read_p95_stddev_ms": 0.006419576727479779,
      "concurrent_read_threads": 4,
      "db_plus_wal_size_mb": 2.1953125,
      "db_size_mb": 2.1953125,
      "db_size_mb_main": 2.1953125,
      "insert_rows_per_sec": 2287436.402826026,
      "insert_rps_stddev": 36712.00397049769,
      "join_p95_ms": 0.0037054,
      "join_p95_stddev_ms": 6.841227959949878e-05,
      "range_scan_p95_ms": 0.0111162,
      "range_scan_p95_stddev_ms": 0.0003583631677502583,
      "read_p95_ms": 0.0034712,
      "read_p95_stddev_ms": 1.0087616170334667e-05,
      "wal_size_mb": 0.0
    }
  },
  "metadata": {
    "aggregate_workload": "prepared_count_sum_aggregate_on_user_id",
    "aggregated_at": "2026-05-28T20:10:24.378249+00:00",
    "benchmark_profile": "single_thread_prepared_statement_oltp_with_concurrent_read_extension",
    "binding_parity_note": "sqlite via rusqlite FFI; duckdb via duckdb-rs FFI; decentdb via native Rust API (zero FFI overhead in benchmark loop)",
    "commit_workload": "prepared_single_row_auto_commit_insert_p95",
    "concurrent_read_workload": "4_threads_each_doing_25000_prepared_point_lookups",
    "decentdb_clone_overhead_note": "removed string.clone() on every read in this revision to eliminate heap-allocator skew",
    "decentdb_durability": "wal_sync_full",
    "decentdb_process_coordination": "single_process_unsafe",
    "decentdb_profile_balanced": "decentdb_balanced_durable:wal_sync_full cache_size_mb=16 process_coordination=single_process_unsafe",
    "decentdb_profile_default": "decentdb_balanced_durable:wal_sync_full cache_size_mb=16 process_coordination=single_process_unsafe",
    "decentdb_profile_low_memory": "decentdb_low_memory_durable:wal_sync_full cache_size_mb=4 process_coordination=single_process_unsafe",
    "decentdb_profile_tuned": "decentdb_tuned_durable:wal_sync_full cache_size_mb=64 retain_paged_row_sources_after_commit=true paged_row_storage=false wal_autocheckpoint=0 process_coordination=single_process_unsafe",
    "duckdb_durability": "engine_default",
    "duckdb_engine_note": "engine-default durability and thread behavior are explicitly retained for this row",
    "duckdb_profile": "duckdb_engine_default",
    "duckdb_threads_note": "duckdb forced to single thread; concurrent read test falls back to single-threaded for duckdb because Connection is not Send",
    "durability_profile": "engine_specific_with_profile_pairs",
    "hardware_class_note": "native_linux_cpu; results may not generalize to embedded targets such as raspberry pi",
    "insert_timing_scope": "prepared_transaction_body_excludes_begin_prepare_and_final_commit; durable commit cost is reported separately as commit_workload",
    "insert_workload": "prepared_single_row_insert_loop_inside_one_explicit_transaction",
    "join_dataset_rows": "10000",
    "join_workload": "prepared_inner_join_lookup_with_value_materialization",
    "latency_capture_unit": "nanoseconds",
    "latency_report_unit": "milliseconds",
    "machine": "AMD EPYC 9V74 80-Core Processor",
    "notes": "merged extra engines from .tmp/benchmark-assets/root-readme-results.json",