{
  "engines": {
    "H2": {
      "read_p95_ms": 0.19488499992803554
    },
    "HSQLDB": {
      "read_p95_ms": 0.1827329999741778
    },
    "decentdb_default_durable": {
      "aggregate_p95_ms": 0.12218719999999998,
      "aggregate_p95_stddev_ms": 0.0010546907414024282,
      "commit_p95_ms": 0.9627829999999999,
      "commit_p95_stddev_ms": 0.06237299996953807,
      "concurrent_read_p95_ms": 0.05290740000000001,
      "concurrent_read_p95_stddev_ms": 0.0013411449735207608,
      "concurrent_read_threads": 4,
      "db_size_mb": 3.691436767578125,
      "insert_rows_per_sec": 1651195.7639475106,
      "insert_rps_stddev": 105004.18912989806,
      "join_p95_ms": 0.026745599999999998,
      "join_p95_stddev_ms": 0.0005767753808893016,
      "range_scan_p95_ms": 0.6266146,
      "range_scan_p95_stddev_ms": 0.0015992211354281375,
      "read_p95_ms": 0.014851799999999998,
      "read_p95_stddev_ms": 9.294170215785794e-05
    },
    "decentdb_tuned_durable": {
      "aggregate_p95_ms": 0.022938800000000002,
      "aggregate_p95_stddev_ms": 0.0008148281782069155,
      "commit_p95_ms": 0.4635766,
      "commit_p95_stddev_ms": 0.021288014445692224,
      "concurrent_read_p95_ms": 0.0028753999999999997,
      "concurrent_read_p95_stddev_ms": 8.614081494854797e-05,
      "concurrent_read_threads": 4,
      "db_size_mb": 3.210968017578125,
      "insert_rows_per_sec": 1863663.2797484007,
      "insert_rps_stddev": 12160.20387947542,
      "join_p95_ms": 0.0018613999999999998,
      "join_p95_stddev_ms": 8.591763497676135e-05,
      "range_scan_p95_ms": 0.010958399999999998,
      "range_scan_p95_stddev_ms": 0.0003219034637900001,
      "read_p95_ms": 0.0011141999999999999,
      "read_p95_stddev_ms": 7.820076725966314e-05
    },
    "duckdb": {
      "aggregate_p95_ms": 0.2999848,
      "aggregate_p95_stddev_ms": 0.003586634712373141,
      "commit_p95_ms": 0.7928090000000001,
      "commit_p95_stddev_ms": 0.019770679179026713,
      "concurrent_read_p95_ms": 0.23586420000000002,
      "concurrent_read_p95_stddev_ms": 0.0031019148537637163,
      "concurrent_read_threads": 4,
      "db_size_mb": 3.26171875,
      "insert_rows_per_sec": 4884.556454838585,
      "insert_rps_stddev": 25.637795085761045,
      "join_p95_ms": 0.49658759999999996,
      "join_p95_stddev_ms": 0.0031863773536729883,
      "range_scan_p95_ms": 1.1051246,
      "range_scan_p95_stddev_ms": 0.08978868104299116,
      "read_p95_ms": 0.22715559999999999,
      "read_p95_stddev_ms": 0.0016774016334795935
    },
    "sqlite": {
      "aggregate_p95_ms": 0.0365226,
      "aggregate_p95_stddev_ms": 0.0033116657802380964,
      "commit_p95_ms": 0.448231,
      "commit_p95_stddev_ms": 0.03506199445553546,
      "concurrent_read_p95_ms": 0.0333706,
      "concurrent_read_p95_stddev_ms": 0.01437459214864895,
      "concurrent_read_threads": 4,
      "db_size_mb": 2.1953125,
      "insert_rows_per_sec": 2107750.7208711775,
      "insert_rps_stddev": 17175.955468789354,
      "join_p95_ms": 0.0032742,
      "join_p95_stddev_ms": 1.9518196638009226e-05,
      "range_scan_p95_ms": 0.0109566,
      "range_scan_p95_stddev_ms": 0.00036118892563310925,
      "read_p95_ms": 0.0029678,
      "read_p95_stddev_ms": 2.7802158189608316e-05
    }
  },
  "metadata": {
    "aggregate_workload": "prepared_count_sum_aggregate_on_user_id",
    "aggregated_at": "2026-05-21T14:04:00.109325+00:00",
    "benchmark_profile": "single_thread_prepared_statement_oltp_with_concurrent_read_extension",
    "binding_parity_note": "sqlite via rusqlite FFI; duckdb via duckdb-rs FFI; decentdb via native Rust API (zero FFI overhead in benchmark loop)",
    "commit_workload": "prepared_single_row_auto_commit_insert_p95",
    "concurrent_read_workload": "4_threads_each_doing_25000_prepared_point_lookups",
    "decentdb_clone_overhead_note": "removed string.clone() on every read in this revision to eliminate heap-allocator skew",
    "decentdb_durability": "wal_sync_full",
    "decentdb_profile_default": "decentdb_default_durable:wal_sync_full cache_size_mb=4",
    "decentdb_profile_tuned": "decentdb_tuned_durable:wal_sync_full cache_size_mb=64 retain_paged_row_sources_after_commit=true paged_row_storage=false wal_autocheckpoint=0",
    "duckdb_durability": "engine_default",
    "duckdb_threads_note": "duckdb forced to single thread; concurrent read test falls back to single-threaded for duckdb because Connection is not Send",
    "durability_profile": "engine_specific_with_profile_pairs",
    "hardware_class_note": "server_cloud_cpu; results may not generalize to embedded targets such as raspberry pi",
    "insert_timing_scope": "prepared_transaction_body_excludes_begin_prepare_and_final_commit; durable commit cost is reported separately as commit_workload",
    "insert_workload": "prepared_single_row_insert_loop_inside_one_explicit_transaction",
    "join_dataset_rows": "10000",
    "join_workload": "prepared_inner_join_lookup_with_value_materialization",
    "latency_capture_unit": "nanoseconds",
    "latency_report_unit": "milliseconds",
    "machine": "AMD EPYC 7763 64-Core Processor",
    "notes": "merged extra engines from .tmp/benchmark-assets/root-readme-results.json",
    "os": "linux",
    "python_merge_target_operations": 500,
    "range_scan_workload": "prepared_range_scan_50_rows_ordered",
    "read_pattern": "deterministic_permutation",
    "read_workload": "prepared_point_lookup_with_value_materialization",
    "run_id": "1779371698321",
    "size_measurement": "db_plus_wal_after_checkpoint",
    "sqlite_durability": "wal+synchronous_full+wal_autocheckpoint_0",
    "sqlite_profile": "sqlite_wal_full",
    "statistical_runs": "5",
    "storage_root": "../../target/embedded_compare",
    "wal_autocheckpoint_note": "sqlite wal_autocheckpoint=0 is a benchmark-specific tuning; production defaults differ"
  }
}
