{
  "engines": {
    "H2": {
      "db_plus_wal_size_mb": 0.0,
      "db_size_mb_main": 0.0,
      "db_size_mb_source": "python:h2(jdbc)",
      "os_cache_state": "unknown_os_cache",
      "os_cache_state_source": "python:h2(jdbc)",
      "process_state": "warm_process",
      "process_state_source": "python:h2(jdbc)",
      "read_p95_ms": 0.19721999979083193,
      "storage_state": "reused_storage",
      "storage_state_source": "python:h2(jdbc)",
      "wal_size_mb": 0.0,
      "wal_size_mb_source": "python:h2(jdbc)"
    },
    "HSQLDB": {
      "db_plus_wal_size_mb": 0.0,
      "db_size_mb_main": 0.0,
      "db_size_mb_source": "python:hsqldb(jdbc)",
      "os_cache_state": "unknown_os_cache",
      "os_cache_state_source": "python:hsqldb(jdbc)",
      "process_state": "warm_process",
      "process_state_source": "python:hsqldb(jdbc)",
      "read_p95_ms": 0.16242499987129122,
      "storage_state": "reused_storage",
      "storage_state_source": "python:hsqldb(jdbc)",
      "wal_size_mb": 0.0,
      "wal_size_mb_source": "python:hsqldb(jdbc)"
    },
    "decentdb_balanced_durable": {
      "aggregate_p95_ms": 0.0005732,
      "aggregate_p95_stddev_ms": 0.0001294579468398908,
      "commit_p95_ms": 0.4294356,
      "commit_p95_stddev_ms": 0.016006720183722838,
      "concurrent_read_p95_ms": 0.0013282,
      "concurrent_read_p95_stddev_ms": 1.8378248012256232e-05,
      "concurrent_read_threads": 4,
      "db_plus_wal_size_mb": 3.695343017578125,
      "db_size_mb": 3.695343017578125,
      "db_size_mb_main": 3.6953125,
      "insert_rows_per_sec": 2770192.823105684,
      "insert_rps_stddev": 14211.007382525811,
      "join_p95_ms": 0.0011001999999999997,
      "join_p95_stddev_ms": 4.5265439354986936e-05,
      "range_scan_p95_ms": 0.008846999999999999,
      "range_scan_p95_stddev_ms": 0.00014628738838327803,
      "read_p95_ms": 0.0008439999999999999,
      "read_p95_stddev_ms": 5.5641710972974245e-05,
      "wal_size_mb": 3.0517578125e-05
    },
    "decentdb_low_memory_durable": {
      "aggregate_p95_ms": 0.0005108000000000001,
      "aggregate_p95_stddev_ms": 8.726969691708541e-06,
      "commit_p95_ms": 0.41695639999999995,
      "commit_p95_stddev_ms": 0.01941121561984206,
      "concurrent_read_p95_ms": 0.0012804,
      "concurrent_read_p95_stddev_ms": 2.3277456905770388e-05,
      "concurrent_read_threads": 4,
      "db_plus_wal_size_mb": 3.695343017578125,
      "db_size_mb": 3.695343017578125,
      "db_size_mb_main": 3.6953125,
      "insert_rows_per_sec": 2761836.57085535,
      "insert_rps_stddev": 22068.452168377018,
      "join_p95_ms": 0.001094,
      "join_p95_stddev_ms": 2.2271057451320062e-05,
      "range_scan_p95_ms": 0.008912600000000001,
      "range_scan_p95_stddev_ms": 0.0002958875462063247,
      "read_p95_ms": 0.0008215999999999999,
      "read_p95_stddev_ms": 4.6906715937059584e-05,
      "wal_size_mb": 3.0517578125e-05
    },
    "decentdb_tuned_durable": {
      "aggregate_p95_ms": 0.0004990000000000001,
      "aggregate_p95_stddev_ms": 4.000000000000011e-06,
      "commit_p95_ms": 0.43621239999999994,
      "commit_p95_stddev_ms": 0.014072621768526286,
      "concurrent_read_p95_ms": 0.0014310000000000002,
      "concurrent_read_p95_stddev_ms": 3.124099870362662e-05,
      "concurrent_read_threads": 4,
      "db_plus_wal_size_mb": 4.062530517578125,
      "db_size_mb": 4.062530517578125,
      "db_size_mb_main": 4.0625,
      "insert_rows_per_sec": 3238993.5420809006,
      "insert_rps_stddev": 87415.42124927792,
      "join_p95_ms": 0.0008778,
      "join_p95_stddev_ms": 5.026489828896502e-05,
      "range_scan_p95_ms": 0.0055782,
      "range_scan_p95_stddev_ms": 0.0001673707262337116,
      "read_p95_ms": 0.001022,
      "read_p95_stddev_ms": 2.6832815729997466e-05,
      "wal_size_mb": 3.0517578125e-05
    },
    "duckdb_engine_default": {
      "aggregate_p95_ms": 0.292062,
      "aggregate_p95_stddev_ms": 0.0063514218880499525,
      "commit_p95_ms": 0.7847408,
      "commit_p95_stddev_ms": 0.029670396501563653,
      "concurrent_read_p95_ms": 0.22516100000000003,
      "concurrent_read_p95_stddev_ms": 0.0033195610553204235,
      "concurrent_read_threads": 4,
      "db_plus_wal_size_mb": 3.26171875,
      "db_size_mb": 3.26171875,
      "db_size_mb_main": 3.26171875,
      "insert_rows_per_sec": 5066.5051370513465,
      "insert_rps_stddev": 8.332981357322092,
      "join_p95_ms": 0.48077439999999994,
      "join_p95_stddev_ms": 0.0035284280125857724,
      "range_scan_p95_ms": 1.0537554,
      "range_scan_p95_stddev_ms": 0.113141201064157,
      "read_p95_ms": 0.21866,
      "read_p95_stddev_ms": 0.0011390381907556955,
      "wal_size_mb": 0.0
    },
    "sqlite": {
      "aggregate_p95_ms": 0.0347412,
      "aggregate_p95_stddev_ms": 0.00040592383522035277,
      "commit_p95_ms": 0.48617699999999997,
      "commit_p95_stddev_ms": 0.08933002525467011,
      "concurrent_read_p95_ms": 0.0310162,
      "concurrent_read_p95_stddev_ms": 0.011736064287485817,
      "concurrent_read_threads": 4,
      "db_plus_wal_size_mb": 2.1953125,
      "db_size_mb": 2.1953125,
      "db_size_mb_main": 2.1953125,
      "insert_rows_per_sec": 1944011.942762134,
      "insert_rps_stddev": 86146.61076914848,
      "join_p95_ms": 0.0034265999999999997,
      "join_p95_stddev_ms": 0.00024301571965615727,
      "range_scan_p95_ms": 0.0110828,
      "range_scan_p95_stddev_ms": 0.00034896039889935966,
      "read_p95_ms": 0.0031198,
      "read_p95_stddev_ms": 0.000255159087629659,
      "wal_size_mb": 0.0
    }
  },
  "metadata": {
    "aggregate_workload": "prepared_count_sum_aggregate_on_user_id",
    "aggregated_at": "2026-07-01T21:07:32.481885+00:00",
    "benchmark_profile": "single_thread_prepared_statement_oltp_with_concurrent_read_extension",
    "binding_parity_note": "sqlite via rusqlite FFI; duckdb via duckdb-rs FFI; decentdb via native Rust API (zero FFI overhead in benchmark loop)",
    "commit_workload": "prepared_single_row_auto_commit_insert_p95",
    "concurrent_read_workload": "4_threads_each_doing_25000_prepared_point_lookups",
    "decentdb_clone_overhead_note": "removed string.clone() on every read in this revision to eliminate heap-allocator skew",
    "decentdb_durability": "wal_sync_full",
    "decentdb_process_coordination": "single_process_unsafe",
    "decentdb_profile_balanced": "decentdb_balanced_durable:wal_sync_full cache_size_mb=16 process_coordination=single_process_unsafe",
    "decentdb_profile_default": "decentdb_balanced_durable:wal_sync_full cache_size_mb=16 process_coordination=single_process_unsafe",
    "decentdb_profile_low_memory": "decentdb_low_memory_durable:wal_sync_full cache_size_mb=4 process_coordination=single_process_unsafe",
    "decentdb_profile_tuned": "decentdb_tuned_durable:wal_sync_full cache_size_mb=64 retain_paged_row_sources_after_commit=true paged_row_storage=false wal_autocheckpoint=0 process_coordination=single_process_unsafe",
    "duckdb_durability": "engine_default",
    "duckdb_engine_note": "engine-default durability and thread behavior are explicitly retained for this row",
    "duckdb_profile": "duckdb_engine_default",
    "duckdb_threads_note": "duckdb forced to single thread; concurrent read test falls back to single-threaded for duckdb because Connection is not Send",
    "durability_profile": "engine_specific_with_profile_pairs",
    "hardware_class_note": "native_linux_cpu; results may not generalize to embedded targets such as raspberry pi",
    "insert_timing_scope": "prepared_transaction_body_excludes_begin_prepare_and_final_commit; durable commit cost is reported separately as commit_workload",
    "insert_workload": "prepared_single_row_insert_loop_inside_one_explicit_transaction",
    "join_dataset_rows": "10000",
    "join_workload": "prepared_inner_join_lookup_with_value_materialization",
    "latency_capture_unit": "nanoseconds",
    "latency_report_unit": "milliseconds",
    "machine": "AMD EPYC 7763 64-Core Processor",