{
  "engines": {
    "H2": {
      "db_plus_wal_size_mb": 0.0,
      "db_size_mb_main": 0.0,
      "db_size_mb_source": "python:h2(jdbc)",
      "os_cache_state": "unknown_os_cache",
      "os_cache_state_source": "python:h2(jdbc)",
      "process_state": "warm_process",
      "process_state_source": "python:h2(jdbc)",
      "read_p95_ms": 0.0833450000072844,
      "storage_state": "reused_storage",
      "storage_state_source": "python:h2(jdbc)",
      "wal_size_mb": 0.0,
      "wal_size_mb_source": "python:h2(jdbc)"
    },
    "HSQLDB": {
      "db_plus_wal_size_mb": 0.0,
      "db_size_mb_main": 0.0,
      "db_size_mb_source": "python:hsqldb(jdbc)",
      "os_cache_state": "unknown_os_cache",
      "os_cache_state_source": "python:hsqldb(jdbc)",
      "process_state": "warm_process",
      "process_state_source": "python:hsqldb(jdbc)",
      "read_p95_ms": 0.1378979999344665,
      "storage_state": "reused_storage",
      "storage_state_source": "python:hsqldb(jdbc)",
      "wal_size_mb": 0.0,
      "wal_size_mb_source": "python:hsqldb(jdbc)"
    },
    "decentdb_balanced_durable": {
      "aggregate_p95_ms": 0.127512,
      "aggregate_p95_stddev_ms": 0.0006525099232961886,
      "commit_p95_ms": 0.752201,
      "commit_p95_stddev_ms": 0.046795648750711856,
      "concurrent_read_p95_ms": 0.0380716,
      "concurrent_read_p95_stddev_ms": 0.0002835550034825696,
      "concurrent_read_threads": 4,
      "db_plus_wal_size_mb": 3.691436767578125,
      "db_size_mb": 3.691436767578125,
      "db_size_mb_main": 3.69140625,
      "insert_rows_per_sec": 2736107.862571705,
      "insert_rps_stddev": 59280.4985205409,
      "join_p95_ms": 0.030638,
      "join_p95_stddev_ms": 0.0006023928950444225,
      "range_scan_p95_ms": 0.6487385999999999,
      "range_scan_p95_stddev_ms": 0.017329900987599428,
      "read_p95_ms": 0.0170676,
      "read_p95_stddev_ms": 0.0002881281659262079,
      "wal_size_mb": 3.0517578125e-05
    },
    "decentdb_low_memory_durable": {
      "aggregate_p95_ms": 0.12757999999999997,
      "aggregate_p95_stddev_ms": 0.00039104577737140116,
      "commit_p95_ms": 0.7285014000000001,
      "commit_p95_stddev_ms": 0.03104740996347361,
      "concurrent_read_p95_ms": 0.0398438,
      "concurrent_read_p95_stddev_ms": 0.0015424005186721122,
      "concurrent_read_threads": 4,
      "db_plus_wal_size_mb": 3.691436767578125,
      "db_size_mb": 3.691436767578125,
      "db_size_mb_main": 3.69140625,
      "insert_rows_per_sec": 2681556.233439342,
      "insert_rps_stddev": 37038.86269917377,
      "join_p95_ms": 0.032671,
      "join_p95_stddev_ms": 0.003358062715316676,
      "range_scan_p95_ms": 0.6462614,
      "range_scan_p95_stddev_ms": 0.016509349734014373,
      "read_p95_ms": 0.01712,
      "read_p95_stddev_ms": 0.00018831887850133289,
      "wal_size_mb": 3.0517578125e-05
    },
    "decentdb_tuned_durable": {
      "aggregate_p95_ms": 0.033622400000000004,
      "aggregate_p95_stddev_ms": 0.00015208760633266604,
      "commit_p95_ms": 0.31117439999999996,
      "commit_p95_stddev_ms": 0.029027702028235035,
      "concurrent_read_p95_ms": 0.0039115999999999995,
      "concurrent_read_p95_stddev_ms": 0.0005290843411026262,
      "concurrent_read_threads": 4,
      "db_plus_wal_size_mb": 3.210968017578125,
      "db_size_mb": 3.210968017578125,
      "db_size_mb_main": 3.2109375,
      "insert_rows_per_sec": 3165942.9392438726,
      "insert_rps_stddev": 101861.84826990332,
      "join_p95_ms": 0.0034472,
      "join_p95_stddev_ms": 8.116255294161224e-05,
      "range_scan_p95_ms": 0.012807800000000003,
      "range_scan_p95_stddev_ms": 0.00016705496101582842,
      "read_p95_ms": 0.002161,
      "read_p95_stddev_ms": 1.72046505340853e-05,
      "wal_size_mb": 3.0517578125e-05
    },
    "duckdb_engine_default": {
      "aggregate_p95_ms": 0.30670400000000003,
      "aggregate_p95_stddev_ms": 0.00254934517082328,
      "commit_p95_ms": 0.8000862,
      "commit_p95_stddev_ms": 0.12078721137504582,
      "concurrent_read_p95_ms": 0.234489,
      "concurrent_read_p95_stddev_ms": 0.0012482772128017082,
      "concurrent_read_threads": 4,
      "db_plus_wal_size_mb": 3.26171875,
      "db_size_mb": 3.26171875,
      "db_size_mb_main": 3.26171875,
      "insert_rows_per_sec": 5084.960445087439,
      "insert_rps_stddev": 25.576048053733892,
      "join_p95_ms": 0.4992554,
      "join_p95_stddev_ms": 0.005313897725775321,
      "range_scan_p95_ms": 1.1542816,
      "range_scan_p95_stddev_ms": 0.09795844753690214,
      "read_p95_ms": 0.2230682,
      "read_p95_stddev_ms": 0.0005584440527035818,
      "wal_size_mb": 0.0
    },
    "sqlite": {
      "aggregate_p95_ms": 0.0361344,
      "aggregate_p95_stddev_ms": 0.00046816689331903843,
      "commit_p95_ms": 0.321782,
      "commit_p95_stddev_ms": 0.01343905266006501,
      "concurrent_read_p95_ms": 0.0290076,
      "concurrent_read_p95_stddev_ms": 0.0115563104423514,
      "concurrent_read_threads": 4,
      "db_plus_wal_size_mb": 2.1953125,
      "db_size_mb": 2.1953125,
      "db_size_mb_main": 2.1953125,
      "insert_rows_per_sec": 2287910.0385887106,
      "insert_rps_stddev": 31672.32962665632,
      "join_p95_ms": 0.0036894,
      "join_p95_stddev_ms": 2.4104771311920856e-05,
      "range_scan_p95_ms": 0.0115174,
      "range_scan_p95_stddev_ms": 0.0008573761368267719,
      "read_p95_ms": 0.0034273999999999997,
      "read_p95_stddev_ms": 3.6092104399715916e-05,
      "wal_size_mb": 0.0
    }
  },
  "metadata": {
    "aggregate_workload": "prepared_count_sum_aggregate_on_user_id",
    "aggregated_at": "2026-05-28T22:28:42.666306+00:00",
    "benchmark_profile": "single_thread_prepared_statement_oltp_with_concurrent_read_extension",
    "binding_parity_note": "sqlite via rusqlite FFI; duckdb via duckdb-rs FFI; decentdb via native Rust API (zero FFI overhead in benchmark loop)",
    "commit_workload": "prepared_single_row_auto_commit_insert_p95",
    "concurrent_read_workload": "4_threads_each_doing_25000_prepared_point_lookups",
    "decentdb_clone_overhead_note": "removed string.clone() on every read in this revision to eliminate heap-allocator skew",
    "decentdb_durability": "wal_sync_full",
    "decentdb_process_coordination": "single_process_unsafe",
    "decentdb_profile_balanced": "decentdb_balanced_durable:wal_sync_full cache_size_mb=16 process_coordination=single_process_unsafe",
    "decentdb_profile_default": "decentdb_balanced_durable:wal_sync_full cache_size_mb=16 process_coordination=single_process_unsafe",
    "decentdb_profile_low_memory": "decentdb_low_memory_durable:wal_sync_full cache_size_mb=4 process_coordination=single_process_unsafe",
    "decentdb_profile_tuned": "decentdb_tuned_durable:wal_sync_full cache_size_mb=64 retain_paged_row_sources_after_commit=true paged_row_storage=false wal_autocheckpoint=0 process_coordination=single_process_unsafe",
    "duckdb_durability": "engine_default",
    "duckdb_engine_note": "engine-default durability and thread behavior are explicitly retained for this row",
    "duckdb_profile": "duckdb_engine_default",
    "duckdb_threads_note": "duckdb forced to single thread; concurrent read test falls back to single-threaded for duckdb because Connection is not Send",
    "durability_profile": "engine_specific_with_profile_pairs",
    "hardware_class_note": "native_linux_cpu; results may not generalize to embedded targets such as raspberry pi",
    "insert_timing_scope": "prepared_transaction_body_excludes_begin_prepare_and_final_commit; durable commit cost is reported separately as commit_workload",
    "insert_workload": "prepared_single_row_insert_loop_inside_one_explicit_transaction",
    "join_dataset_rows": "10000",
    "join_workload": "prepared_inner_join_lookup_with_value_materialization",
    "latency_capture_unit": "nanoseconds",
    "latency_report_unit": "milliseconds",
    "machine": "AMD EPYC 9V74 80-Core Processor",
    "notes": "merged extra engines from .tmp/benchmark-assets/root-readme-results.json",