{
  "engines": {
    "decentdb_balanced_durable": {
      "read_p95_ms": 0.0013864,
      "read_p95_stddev_ms": 0.00009773965418395955,
      "join_p95_ms": 0.001042,
      "join_p95_stddev_ms": 0.000018973665961010258,
      "commit_p95_ms": 3.0680363999999996,
      "commit_p95_stddev_ms": 0.0029445313786746943,
      "insert_rows_per_sec": 1920580.8896851714,
      "insert_rps_stddev": 26994.998375747917,
      "db_size_mb": 3.695343017578125,
      "db_size_mb_main": 3.6953125,
      "wal_size_mb": 0.000030517578125,
      "db_plus_wal_size_mb": 3.695343017578125,
      "range_scan_p95_ms": 0.009039,
      "range_scan_p95_stddev_ms": 0.0010871800218914985,
      "aggregate_p95_ms": 0.00048479999999999997,
      "aggregate_p95_stddev_ms": 0.00003331306050185121,
      "concurrent_read_p95_ms": 0.0033163999999999997,
      "concurrent_read_p95_stddev_ms": 0.00014643851952269947,
      "concurrent_read_threads": 4
    },
    "decentdb_low_memory_durable": {
      "read_p95_ms": 0.0020337999999999997,
      "read_p95_stddev_ms": 0.00009387523635123371,
      "join_p95_ms": 0.000974,
      "join_p95_stddev_ms": 0.000026381811916545857,
      "commit_p95_ms": 3.0817526000000006,
      "commit_p95_stddev_ms": 0.014295111704355419,
      "insert_rows_per_sec": 1892985.5337512926,
      "insert_rps_stddev": 12432.590130918032,
      "db_size_mb": 3.695343017578125,
      "db_size_mb_main": 3.6953125,
      "wal_size_mb": 0.000030517578125,
      "db_plus_wal_size_mb": 3.695343017578125,
      "range_scan_p95_ms": 0.0092832,
      "range_scan_p95_stddev_ms": 0.0004321098934299007,
      "aggregate_p95_ms": 0.000481,
      "aggregate_p95_stddev_ms": 0.0,
      "concurrent_read_p95_ms": 0.0044002,
      "concurrent_read_p95_stddev_ms": 0.00023064206034459532,
      "concurrent_read_threads": 4
    },
    "decentdb_tuned_durable": {
      "read_p95_ms": 0.0010259999999999998,
      "read_p95_stddev_ms": 0.000013564659966250495,
      "join_p95_ms": 0.0012524,
      "join_p95_stddev_ms": 0.0002015446352548239,
      "commit_p95_ms": 3.0701506000000003,
      "commit_p95_stddev_ms": 0.003523483424113206,
      "insert_rows_per_sec": 2080512.8974731825,
      "insert_rps_stddev": 89062.3674371708,
      "db_size_mb": 4.062530517578125,
      "db_size_mb_main": 4.0625,
      "wal_size_mb": 0.000030517578125,
      "db_plus_wal_size_mb": 4.062530517578125,
      "range_scan_p95_ms": 0.006582199999999999,
      "range_scan_p95_stddev_ms": 0.000726178049792198,
      "aggregate_p95_ms": 0.00047099999999999996,
      "aggregate_p95_stddev_ms": 6.324555320336758e-6,
      "concurrent_read_p95_ms": 0.0017576000000000002,
      "concurrent_read_p95_stddev_ms": 0.00004621082124351396,
      "concurrent_read_threads": 4
    },
    "duckdb_engine_default": {
      "read_p95_ms": 0.15800699999999998,
      "read_p95_stddev_ms": 0.004663758784499901,
      "join_p95_ms": 0.35577400000000003,
      "join_p95_stddev_ms": 0.02122878310219406,
      "commit_p95_ms": 3.2358474,
      "commit_p95_stddev_ms": 0.31528126286641256,
      "insert_rows_per_sec": 7180.268387404418,
      "insert_rps_stddev": 97.9612980838477,
      "db_size_mb": 3.26171875,
      "db_size_mb_main": 3.26171875,
      "wal_size_mb": 0.0,
      "db_plus_wal_size_mb": 3.26171875,
      "range_scan_p95_ms": 0.8407674,
      "range_scan_p95_stddev_ms": 0.10256351353497992,
      "aggregate_p95_ms": 0.2141002,
      "aggregate_p95_stddev_ms": 0.011977454677852054,
      "concurrent_read_p95_ms": 0.1605058,
      "concurrent_read_p95_stddev_ms": 0.0022666909273211517,
      "concurrent_read_threads": 4
    },
    "sqlite": {
      "read_p95_ms": 0.003276,
      "read_p95_stddev_ms": 0.0002674853267003632,
      "join_p95_ms": 0.0036928000000000004,
      "join_p95_stddev_ms": 0.00034872189492488135,
      "commit_p95_ms": 3.0694331999999998,
      "commit_p95_stddev_ms": 0.007997875602933625,
      "insert_rows_per_sec": 1954135.9171544157,
      "insert_rps_stddev": 153119.28278350987,
      "db_size_mb": 2.1953125,
      "db_size_mb_main": 2.1953125,
      "wal_size_mb": 0.0,
      "db_plus_wal_size_mb": 2.1953125,
      "range_scan_p95_ms": 0.018288600000000002,
      "range_scan_p95_stddev_ms": 0.002297476755051071,
      "aggregate_p95_ms": 0.0370656,
      "aggregate_p95_stddev_ms": 0.0014812202537097603,
      "concurrent_read_p95_ms": 0.0177716,
      "concurrent_read_p95_stddev_ms": 0.0008705450246828139,
      "concurrent_read_threads": 4
    }
  },
  "metadata": {
    "aggregate_workload": "prepared_count_sum_aggregate_on_user_id",
    "benchmark_profile": "single_thread_prepared_statement_oltp_with_concurrent_read_extension",
    "binding_parity_note": "sqlite via rusqlite FFI; duckdb via duckdb-rs FFI; decentdb via native Rust API (zero FFI overhead in benchmark loop)",
    "commit_workload": "prepared_single_row_auto_commit_insert_p95",
    "concurrent_read_workload": "4_threads_each_doing_25000_prepared_point_lookups",
    "decentdb_clone_overhead_note": "removed string.clone() on every read in this revision to eliminate heap-allocator skew",
    "decentdb_durability": "wal_sync_full",
    "decentdb_process_coordination": "single_process_unsafe",
    "decentdb_profile_balanced": "decentdb_balanced_durable:wal_sync_full cache_size_mb=16 process_coordination=single_process_unsafe",
    "decentdb_profile_default": "decentdb_balanced_durable:wal_sync_full cache_size_mb=16 process_coordination=single_process_unsafe",
    "decentdb_profile_low_memory": "decentdb_low_memory_durable:wal_sync_full cache_size_mb=4 process_coordination=single_process_unsafe",
    "decentdb_profile_tuned": "decentdb_tuned_durable:wal_sync_full cache_size_mb=64 retain_paged_row_sources_after_commit=true paged_row_storage=false wal_autocheckpoint=0 process_coordination=single_process_unsafe",
    "duckdb_durability": "engine_default",
    "duckdb_engine_note": "engine-default durability and thread behavior are explicitly retained for this row",
    "duckdb_profile": "duckdb_engine_default",
    "duckdb_threads_note": "duckdb forced to single thread; concurrent read test falls back to single-threaded for duckdb because Connection is not Send",
    "durability_profile": "engine_specific_with_profile_pairs",
    "hardware_class_note": "native_linux_cpu; results may not generalize to embedded targets such as raspberry pi",
    "insert_timing_scope": "prepared_transaction_body_excludes_begin_prepare_and_final_commit; durable commit cost is reported separately as commit_workload",
    "insert_workload": "prepared_single_row_insert_loop_inside_one_explicit_transaction",
    "join_dataset_rows": "10000",
    "join_workload": "prepared_inner_join_lookup_with_value_materialization",
    "latency_capture_unit": "nanoseconds",
    "latency_report_unit": "milliseconds",
    "machine": "AMD Ryzen 9 3900X 12-Core Processor",
    "os": "linux",
    "os_cache_state": "unknown_os_cache",
    "process_coordination_note": "native cross-engine benchmarks are single-process comparisons; cross-process coordination overhead is measured separately",
    "process_state": "warm_process",
    "range_scan_workload": "prepared_range_scan_50_rows_ordered",
    "read_pattern": "deterministic_permutation",
    "read_workload": "prepared_point_lookup_with_value_materialization",
    "run_id": "1782687879641",
    "size_measurement": "db_plus_wal_after_checkpoint",
    "sqlite_durability": "wal+synchronous_full+wal_autocheckpoint_0",
    "sqlite_profile": "sqlite_wal_full",
    "statistical_runs": "5",
    "storage_root": "../../target/embedded_compare",
    "storage_state": "reused_storage",
    "wal_autocheckpoint_note": "sqlite wal_autocheckpoint=0 is a benchmark-specific tuning; production defaults differ"
  }
}