{
  "engines": {
    "H2": {
      "db_plus_wal_size_mb": 0.0,
      "db_size_mb_main": 0.0,
      "db_size_mb_source": "python:h2(jdbc)",
      "os_cache_state": "unknown_os_cache",
      "os_cache_state_source": "python:h2(jdbc)",
      "process_state": "warm_process",
      "process_state_source": "python:h2(jdbc)",
      "read_p95_ms": 0.07525099999838858,
      "storage_state": "reused_storage",
      "storage_state_source": "python:h2(jdbc)",
      "wal_size_mb": 0.0,
      "wal_size_mb_source": "python:h2(jdbc)"
    },
    "HSQLDB": {
      "db_plus_wal_size_mb": 0.0,
      "db_size_mb_main": 0.0,
      "db_size_mb_source": "python:hsqldb(jdbc)",
      "os_cache_state": "unknown_os_cache",
      "os_cache_state_source": "python:hsqldb(jdbc)",
      "process_state": "warm_process",
      "process_state_source": "python:hsqldb(jdbc)",
      "read_p95_ms": 0.12457299999368843,
      "storage_state": "reused_storage",
      "storage_state_source": "python:hsqldb(jdbc)",
      "wal_size_mb": 0.0,
      "wal_size_mb_source": "python:hsqldb(jdbc)"
    },
    "decentdb_balanced_durable": {
      "aggregate_p95_ms": 0.0005028000000000001,
      "aggregate_p95_stddev_ms": 3.600000000000001e-06,
      "commit_p95_ms": 0.32189499999999993,
      "commit_p95_stddev_ms": 0.016887392255762888,
      "concurrent_read_p95_ms": 0.0012397999999999999,
      "concurrent_read_p95_stddev_ms": 5.362238338604503e-05,
      "concurrent_read_threads": 4,
      "db_plus_wal_size_mb": 3.687530517578125,
      "db_size_mb": 3.687530517578125,
      "db_size_mb_main": 3.6875,
      "insert_rows_per_sec": 2656954.895179364,
      "insert_rps_stddev": 27165.80688299972,
      "join_p95_ms": 0.001336,
      "join_p95_stddev_ms": 0.00017556765077883797,
      "range_scan_p95_ms": 0.0112728,
      "range_scan_p95_stddev_ms": 0.00013506502137859347,
      "read_p95_ms": 0.0008792000000000001,
      "read_p95_stddev_ms": 4.956773143891096e-05,
      "wal_size_mb": 3.0517578125e-05
    },
    "decentdb_low_memory_durable": {
      "aggregate_p95_ms": 0.0005690000000000001,
      "aggregate_p95_stddev_ms": 0.00013154618960654083,
      "commit_p95_ms": 0.32691839999999994,
      "commit_p95_stddev_ms": 0.006629039164162486,
      "concurrent_read_p95_ms": 0.0027020000000000004,
      "concurrent_read_p95_stddev_ms": 4.874423042781571e-05,
      "concurrent_read_threads": 4,
      "db_plus_wal_size_mb": 3.687530517578125,
      "db_size_mb": 3.687530517578125,
      "db_size_mb_main": 3.6875,
      "insert_rows_per_sec": 2606316.0310309855,
      "insert_rps_stddev": 31412.006831162485,
      "join_p95_ms": 0.001306,
      "join_p95_stddev_ms": 0.00015447977213862014,
      "range_scan_p95_ms": 0.011268599999999998,
      "range_scan_p95_stddev_ms": 9.988913854869314e-05,
      "read_p95_ms": 0.0012718,
      "read_p95_stddev_ms": 1.5367498169838803e-05,
      "wal_size_mb": 3.0517578125e-05
    },
    "decentdb_tuned_durable": {
      "aggregate_p95_ms": 0.0005008,
      "aggregate_p95_stddev_ms": 4.000000000000097e-07,
      "commit_p95_ms": 0.3256626,
      "commit_p95_stddev_ms": 0.019785194743544985,
      "concurrent_read_p95_ms": 0.001178,
      "concurrent_read_p95_stddev_ms": 2.727636339397169e-05,
      "concurrent_read_threads": 4,
      "db_plus_wal_size_mb": 3.210968017578125,
      "db_size_mb": 3.210968017578125,
      "db_size_mb_main": 3.2109375,
      "insert_rows_per_sec": 2788113.90583259,
      "insert_rps_stddev": 79817.88269564147,
      "join_p95_ms": 0.0009598,
      "join_p95_stddev_ms": 3.665187580465696e-05,
      "range_scan_p95_ms": 0.0076971999999999995,
      "range_scan_p95_stddev_ms": 0.00017132939035670433,
      "read_p95_ms": 0.0009316,
      "read_p95_stddev_ms": 4.587199581443995e-05,
      "wal_size_mb": 3.0517578125e-05
    },
    "duckdb_engine_default": {
      "aggregate_p95_ms": 0.30662259999999997,
      "aggregate_p95_stddev_ms": 0.0013871404543160078,
      "commit_p95_ms": 0.7178706,
      "commit_p95_stddev_ms": 0.04245089261063896,
      "concurrent_read_p95_ms": 0.23959380000000002,
      "concurrent_read_p95_stddev_ms": 0.0043993448330404816,
      "concurrent_read_threads": 4,
      "db_plus_wal_size_mb": 3.26171875,
      "db_size_mb": 3.26171875,
      "db_size_mb_main": 3.26171875,
      "insert_rows_per_sec": 4956.241244861532,
      "insert_rps_stddev": 35.78281518370783,
      "join_p95_ms": 0.5007096,
      "join_p95_stddev_ms": 0.005660366440434756,
      "range_scan_p95_ms": 1.1688734,
      "range_scan_p95_stddev_ms": 0.11447945760982625,
      "read_p95_ms": 0.22363459999999996,
      "read_p95_stddev_ms": 0.000457542391478651,
      "wal_size_mb": 0.0
    },
    "sqlite": {
      "aggregate_p95_ms": 0.038152200000000004,
      "aggregate_p95_stddev_ms": 0.003436932085450629,
      "commit_p95_ms": 0.33567519999999995,
      "commit_p95_stddev_ms": 0.007583892678565541,
      "concurrent_read_p95_ms": 0.0243698,
      "concurrent_read_p95_stddev_ms": 0.010555793582672977,
      "concurrent_read_threads": 4,
      "db_plus_wal_size_mb": 2.1953125,
      "db_size_mb": 2.1953125,
      "db_size_mb_main": 2.1953125,
      "insert_rows_per_sec": 2264659.651119176,
      "insert_rps_stddev": 180858.78579615802,
      "join_p95_ms": 0.0036954,
      "join_p95_stddev_ms": 3.079350580885536e-05,
      "range_scan_p95_ms": 0.0114368,
      "range_scan_p95_stddev_ms": 0.0003275853476576758,
      "read_p95_ms": 0.0034569999999999996,
      "read_p95_stddev_ms": 5.979966555090419e-05,
      "wal_size_mb": 0.0
    }
  },
  "metadata": {
    "aggregate_workload": "prepared_count_sum_aggregate_on_user_id",
    "aggregated_at": "2026-06-15T20:07:03.810124+00:00",
    "benchmark_profile": "single_thread_prepared_statement_oltp_with_concurrent_read_extension",
    "binding_parity_note": "sqlite via rusqlite FFI; duckdb via duckdb-rs FFI; decentdb via native Rust API (zero FFI overhead in benchmark loop)",
    "commit_workload": "prepared_single_row_auto_commit_insert_p95",
    "concurrent_read_workload": "4_threads_each_doing_25000_prepared_point_lookups",
    "decentdb_clone_overhead_note": "removed string.clone() on every read in this revision to eliminate heap-allocator skew",
    "decentdb_durability": "wal_sync_full",
    "decentdb_process_coordination": "single_process_unsafe",
    "decentdb_profile_balanced": "decentdb_balanced_durable:wal_sync_full cache_size_mb=16 process_coordination=single_process_unsafe",
    "decentdb_profile_default": "decentdb_balanced_durable:wal_sync_full cache_size_mb=16 process_coordination=single_process_unsafe",
    "decentdb_profile_low_memory": "decentdb_low_memory_durable:wal_sync_full cache_size_mb=4 process_coordination=single_process_unsafe",
    "decentdb_profile_tuned": "decentdb_tuned_durable:wal_sync_full cache_size_mb=64 retain_paged_row_sources_after_commit=true paged_row_storage=false wal_autocheckpoint=0 process_coordination=single_process_unsafe",
    "duckdb_durability": "engine_default",
    "duckdb_engine_note": "engine-default durability and thread behavior are explicitly retained for this row",
    "duckdb_profile": "duckdb_engine_default",
    "duckdb_threads_note": "duckdb forced to single thread; concurrent read test falls back to single-threaded for duckdb because Connection is not Send",
    "durability_profile": "engine_specific_with_profile_pairs",
    "hardware_class_note": "native_linux_cpu; results may not generalize to embedded targets such as raspberry pi",
    "insert_timing_scope": "prepared_transaction_body_excludes_begin_prepare_and_final_commit; durable commit cost is reported separately as commit_workload",
    "insert_workload": "prepared_single_row_insert_loop_inside_one_explicit_transaction",
    "join_dataset_rows": "10000",
    "join_workload": "prepared_inner_join_lookup_with_value_materialization",
    "latency_capture_unit": "nanoseconds",
    "latency_report_unit": "milliseconds",
    "machine": "AMD EPYC 9V74 80-Core Processor",