{
  "engines": {
    "decentdb_balanced_durable": {
      "read_p95_ms": 0.0007034000000000001,
      "read_p95_stddev_ms": 0.000059587246957717396,
      "join_p95_ms": 0.0012744000000000002,
      "join_p95_stddev_ms": 0.00023808116263156987,
      "commit_p95_ms": 3.0751966000000004,
      "commit_p95_stddev_ms": 0.006384617062909855,
      "insert_rows_per_sec": 2517732.8861123817,
      "insert_rps_stddev": 50416.66788281129,
      "db_size_mb": 3.687530517578125,
      "db_size_mb_main": 3.6875,
      "wal_size_mb": 0.000030517578125,
      "db_plus_wal_size_mb": 3.687530517578125,
      "range_scan_p95_ms": 0.0091454,
      "range_scan_p95_stddev_ms": 0.0011319886218509444,
      "aggregate_p95_ms": 0.0005672,
      "aggregate_p95_stddev_ms": 0.00007749683864519893,
      "concurrent_read_p95_ms": 0.0015406,
      "concurrent_read_p95_stddev_ms": 0.00012847816935183972,
      "concurrent_read_threads": 4
    },
    "decentdb_low_memory_durable": {
      "read_p95_ms": 0.0015146,
      "read_p95_stddev_ms": 0.00017148131093504043,
      "join_p95_ms": 0.0010119999999999999,
      "join_p95_stddev_ms": 0.00012587454071415712,
      "commit_p95_ms": 3.0690510000000004,
      "commit_p95_stddev_ms": 0.00719601511949508,
      "insert_rows_per_sec": 2427680.980526959,
      "insert_rps_stddev": 104319.20743409258,
      "db_size_mb": 3.687530517578125,
      "db_size_mb_main": 3.6875,
      "wal_size_mb": 0.000030517578125,
      "db_plus_wal_size_mb": 3.687530517578125,
      "range_scan_p95_ms": 0.0093994,
      "range_scan_p95_stddev_ms": 0.0006191870799685667,
      "aggregate_p95_ms": 0.000531,
      "aggregate_p95_stddev_ms": 6.324555320336775e-6,
      "concurrent_read_p95_ms": 0.0056566,
      "concurrent_read_p95_stddev_ms": 0.001519697812066596,
      "concurrent_read_threads": 4
    },
    "decentdb_tuned_durable": {
      "read_p95_ms": 0.0007858,
      "read_p95_stddev_ms": 0.00003196498083841128,
      "join_p95_ms": 0.001054,
      "join_p95_stddev_ms": 0.00008335706328800221,
      "commit_p95_ms": 3.0671594,
      "commit_p95_stddev_ms": 0.008122019960576321,
      "insert_rows_per_sec": 2658198.7913413867,
      "insert_rps_stddev": 88465.99663566283,
      "db_size_mb": 3.210968017578125,
      "db_size_mb_main": 3.2109375,
      "wal_size_mb": 0.000030517578125,
      "db_plus_wal_size_mb": 3.210968017578125,
      "range_scan_p95_ms": 0.006411999999999999,
      "range_scan_p95_stddev_ms": 0.00037433781534864996,
      "aggregate_p95_ms": 0.0005632,
      "aggregate_p95_stddev_ms": 0.0000695079851527866,
      "concurrent_read_p95_ms": 0.001627,
      "concurrent_read_p95_stddev_ms": 0.0000972851478901071,
      "concurrent_read_threads": 4
    },
    "duckdb_engine_default": {
      "read_p95_ms": 0.1555982,
      "read_p95_stddev_ms": 0.004789377303992661,
      "join_p95_ms": 0.3616328,
      "join_p95_stddev_ms": 0.02978674183861001,
      "commit_p95_ms": 3.0707566,
      "commit_p95_stddev_ms": 0.006478683156321252,
      "insert_rows_per_sec": 7231.143956546672,
      "insert_rps_stddev": 111.54459818290552,
      "db_size_mb": 3.26171875,
      "db_size_mb_main": 3.26171875,
      "wal_size_mb": 0.0,
      "db_plus_wal_size_mb": 3.26171875,
      "range_scan_p95_ms": 0.8672603999999999,
      "range_scan_p95_stddev_ms": 0.08789740766279741,
      "aggregate_p95_ms": 0.21135679999999998,
      "aggregate_p95_stddev_ms": 0.015425356753086778,
      "concurrent_read_p95_ms": 0.163439,
      "concurrent_read_p95_stddev_ms": 0.0024135093121842297,
      "concurrent_read_threads": 4
    },
    "sqlite": {
      "read_p95_ms": 0.0026188,
      "read_p95_stddev_ms": 0.00006842338781440161,
      "join_p95_ms": 0.0031599999999999996,
      "join_p95_stddev_ms": 0.00029446290088905937,
      "commit_p95_ms": 3.0716098,
      "commit_p95_stddev_ms": 0.004308232927778965,
      "insert_rows_per_sec": 2016390.3286047052,
      "insert_rps_stddev": 21137.55723250428,
      "db_size_mb": 2.1953125,
      "db_size_mb_main": 2.1953125,
      "wal_size_mb": 0.0,
      "db_plus_wal_size_mb": 2.1953125,
      "range_scan_p95_ms": 0.0162408,
      "range_scan_p95_stddev_ms": 0.0010903049848551554,
      "aggregate_p95_ms": 0.0329118,
      "aggregate_p95_stddev_ms": 0.0020291051623806972,
      "concurrent_read_p95_ms": 0.0158276,
      "concurrent_read_p95_stddev_ms": 0.0004477354576086194,
      "concurrent_read_threads": 4
    }
  },
  "metadata": {
    "aggregate_workload": "prepared_count_sum_aggregate_on_user_id",
    "benchmark_profile": "single_thread_prepared_statement_oltp_with_concurrent_read_extension",
    "binding_parity_note": "sqlite via rusqlite FFI; duckdb via duckdb-rs FFI; decentdb via native Rust API (zero FFI overhead in benchmark loop)",
    "commit_workload": "prepared_single_row_auto_commit_insert_p95",
    "concurrent_read_workload": "4_threads_each_doing_25000_prepared_point_lookups",
    "decentdb_clone_overhead_note": "removed string.clone() on every read in this revision to eliminate heap-allocator skew",
    "decentdb_durability": "wal_sync_full",
    "decentdb_process_coordination": "single_process_unsafe",
    "decentdb_profile_balanced": "decentdb_balanced_durable:wal_sync_full cache_size_mb=16 process_coordination=single_process_unsafe",
    "decentdb_profile_default": "decentdb_balanced_durable:wal_sync_full cache_size_mb=16 process_coordination=single_process_unsafe",
    "decentdb_profile_low_memory": "decentdb_low_memory_durable:wal_sync_full cache_size_mb=4 process_coordination=single_process_unsafe",
    "decentdb_profile_tuned": "decentdb_tuned_durable:wal_sync_full cache_size_mb=64 retain_paged_row_sources_after_commit=true paged_row_storage=false wal_autocheckpoint=0 process_coordination=single_process_unsafe",
    "duckdb_durability": "engine_default",
    "duckdb_engine_note": "engine-default durability and thread behavior are explicitly retained for this row",
    "duckdb_profile": "duckdb_engine_default",
    "duckdb_threads_note": "duckdb forced to single thread; concurrent read test falls back to single-threaded for duckdb because Connection is not Send",
    "durability_profile": "engine_specific_with_profile_pairs",
    "hardware_class_note": "native_linux_cpu; results may not generalize to embedded targets such as raspberry pi",
    "insert_timing_scope": "prepared_transaction_body_excludes_begin_prepare_and_final_commit; durable commit cost is reported separately as commit_workload",
    "insert_workload": "prepared_single_row_insert_loop_inside_one_explicit_transaction",
    "join_dataset_rows": "10000",
    "join_workload": "prepared_inner_join_lookup_with_value_materialization",
    "latency_capture_unit": "nanoseconds",
    "latency_report_unit": "milliseconds",
    "machine": "AMD Ryzen 9 3900X 12-Core Processor",
    "os": "linux",
    "os_cache_state": "unknown_os_cache",
    "process_coordination_note": "native cross-engine benchmarks are single-process comparisons; cross-process coordination overhead is measured separately",
    "process_state": "warm_process",
    "range_scan_workload": "prepared_range_scan_50_rows_ordered",
    "read_pattern": "deterministic_permutation",
    "read_workload": "prepared_point_lookup_with_value_materialization",
    "run_id": "1781491228733",
    "size_measurement": "db_plus_wal_after_checkpoint",
    "sqlite_durability": "wal+synchronous_full+wal_autocheckpoint_0",
    "sqlite_profile": "sqlite_wal_full",
    "statistical_runs": "5",
    "storage_root": "../../target/embedded_compare",
    "storage_state": "reused_storage",
    "wal_autocheckpoint_note": "sqlite wal_autocheckpoint=0 is a benchmark-specific tuning; production defaults differ"
  }
}