{
  "engines": {
    "decentdb_balanced_durable": {
      "read_p95_ms": 0.0011560000000000001,
      "read_p95_stddev_ms": 0.00015134067529914093,
      "join_p95_ms": 0.001583,
      "join_p95_stddev_ms": 0.000257426494362954,
      "commit_p95_ms": 3.0680708,
      "commit_p95_stddev_ms": 0.0015794434969317037,
      "insert_rows_per_sec": 2370472.477434227,
      "insert_rps_stddev": 76355.01567279924,
      "db_size_mb": 3.687530517578125,
      "db_size_mb_main": 3.6875,
      "wal_size_mb": 0.000030517578125,
      "db_plus_wal_size_mb": 3.687530517578125,
      "range_scan_p95_ms": 0.009545799999999998,
      "range_scan_p95_stddev_ms": 0.0011745670521515577,
      "aggregate_p95_ms": 0.0006293999999999999,
      "aggregate_p95_stddev_ms": 0.00007103407632960394,
      "concurrent_read_p95_ms": 0.009333800000000001,
      "concurrent_read_p95_stddev_ms": 0.002637899270252752,
      "concurrent_read_threads": 4
    },
    "decentdb_low_memory_durable": {
      "read_p95_ms": 0.00105,
      "read_p95_stddev_ms": 0.000024819347291981696,
      "join_p95_ms": 0.0014124,
      "join_p95_stddev_ms": 0.00010103583522691344,
      "commit_p95_ms": 3.0700228000000003,
      "commit_p95_stddev_ms": 0.007619817357391176,
      "insert_rows_per_sec": 2327752.4590236107,
      "insert_rps_stddev": 28565.854311925385,
      "db_size_mb": 3.687530517578125,
      "db_size_mb_main": 3.6875,
      "wal_size_mb": 0.000030517578125,
      "db_plus_wal_size_mb": 3.687530517578125,
      "range_scan_p95_ms": 0.008851999999999999,
      "range_scan_p95_stddev_ms": 0.00005607138307550521,
      "aggregate_p95_ms": 0.0005771999999999999,
      "aggregate_p95_stddev_ms": 0.000052247105182966845,
      "concurrent_read_p95_ms": 0.0087148,
      "concurrent_read_p95_stddev_ms": 0.002455557810355928,
      "concurrent_read_threads": 4
    },
    "decentdb_tuned_durable": {
      "read_p95_ms": 0.0008696000000000001,
      "read_p95_stddev_ms": 0.00001935561933909635,
      "join_p95_ms": 0.001106,
      "join_p95_stddev_ms": 0.00010855413396089528,
      "commit_p95_ms": 3.0673214,
      "commit_p95_stddev_ms": 0.007062335154890256,
      "insert_rows_per_sec": 2641010.195681443,
      "insert_rps_stddev": 117630.73260262053,
      "db_size_mb": 3.210968017578125,
      "db_size_mb_main": 3.2109375,
      "wal_size_mb": 0.000030517578125,
      "db_plus_wal_size_mb": 3.210968017578125,
      "range_scan_p95_ms": 0.0061034,
      "range_scan_p95_stddev_ms": 0.000030374989711932418,
      "aggregate_p95_ms": 0.0005694,
      "aggregate_p95_stddev_ms": 0.000051437729343352615,
      "concurrent_read_p95_ms": 0.009109200000000001,
      "concurrent_read_p95_stddev_ms": 0.0035874395548914826,
      "concurrent_read_threads": 4
    },
    "duckdb_engine_default": {
      "read_p95_ms": 0.15063100000000001,
      "read_p95_stddev_ms": 0.0008605365767938072,
      "join_p95_ms": 0.33191560000000003,
      "join_p95_stddev_ms": 0.012812787231512135,
      "commit_p95_ms": 3.0641356,
      "commit_p95_stddev_ms": 0.0030963806355162205,
      "insert_rows_per_sec": 7184.7217589473,
      "insert_rps_stddev": 36.27377018643688,
      "db_size_mb": 3.26171875,
      "db_size_mb_main": 3.26171875,
      "wal_size_mb": 0.0,
      "db_plus_wal_size_mb": 3.26171875,
      "range_scan_p95_ms": 0.8018722,
      "range_scan_p95_stddev_ms": 0.09604424419276776,
      "aggregate_p95_ms": 0.200773,
      "aggregate_p95_stddev_ms": 0.004520799221376679,
      "concurrent_read_p95_ms": 0.15536360000000002,
      "concurrent_read_p95_stddev_ms": 0.00403552894178693,
      "concurrent_read_threads": 4
    },
    "sqlite": {
      "read_p95_ms": 0.002579,
      "read_p95_stddev_ms": 0.00008428523002282197,
      "join_p95_ms": 0.0031218,
      "join_p95_stddev_ms": 0.00015111240849116267,
      "commit_p95_ms": 3.0638628,
      "commit_p95_stddev_ms": 0.0043429923969539475,
      "insert_rows_per_sec": 2083404.9552702922,
      "insert_rps_stddev": 35862.688079146596,
      "db_size_mb": 2.1953125,
      "db_size_mb_main": 2.1953125,
      "wal_size_mb": 0.0,
      "db_plus_wal_size_mb": 2.1953125,
      "range_scan_p95_ms": 0.0144852,
      "range_scan_p95_stddev_ms": 0.000567469611521181,
      "aggregate_p95_ms": 0.030896,
      "aggregate_p95_stddev_ms": 0.0007275284186889194,
      "concurrent_read_p95_ms": 0.015523200000000001,
      "concurrent_read_p95_stddev_ms": 0.0008814745373520442,
      "concurrent_read_threads": 4
    }
  },
  "metadata": {
    "aggregate_workload": "prepared_count_sum_aggregate_on_user_id",
    "benchmark_profile": "single_thread_prepared_statement_oltp_with_concurrent_read_extension",
    "binding_parity_note": "sqlite via rusqlite FFI; duckdb via duckdb-rs FFI; decentdb via native Rust API (zero FFI overhead in benchmark loop)",
    "commit_workload": "prepared_single_row_auto_commit_insert_p95",
    "concurrent_read_workload": "4_threads_each_doing_25000_prepared_point_lookups",
    "decentdb_clone_overhead_note": "removed string.clone() on every read in this revision to eliminate heap-allocator skew",
    "decentdb_durability": "wal_sync_full",
    "decentdb_process_coordination": "single_process_unsafe",
    "decentdb_profile_balanced": "decentdb_balanced_durable:wal_sync_full cache_size_mb=16 process_coordination=single_process_unsafe",
    "decentdb_profile_default": "decentdb_balanced_durable:wal_sync_full cache_size_mb=16 process_coordination=single_process_unsafe",
    "decentdb_profile_low_memory": "decentdb_low_memory_durable:wal_sync_full cache_size_mb=4 process_coordination=single_process_unsafe",
    "decentdb_profile_tuned": "decentdb_tuned_durable:wal_sync_full cache_size_mb=64 retain_paged_row_sources_after_commit=true paged_row_storage=false wal_autocheckpoint=0 process_coordination=single_process_unsafe",
    "duckdb_durability": "engine_default",
    "duckdb_engine_note": "engine-default durability and thread behavior are explicitly retained for this row",
    "duckdb_profile": "duckdb_engine_default",
    "duckdb_threads_note": "duckdb forced to single thread; concurrent read test falls back to single-threaded for duckdb because Connection is not Send",
    "durability_profile": "engine_specific_with_profile_pairs",
    "hardware_class_note": "native_linux_cpu; results may not generalize to embedded targets such as raspberry pi",
    "insert_timing_scope": "prepared_transaction_body_excludes_begin_prepare_and_final_commit; durable commit cost is reported separately as commit_workload",
    "insert_workload": "prepared_single_row_insert_loop_inside_one_explicit_transaction",
    "join_dataset_rows": "10000",
    "join_workload": "prepared_inner_join_lookup_with_value_materialization",
    "latency_capture_unit": "nanoseconds",
    "latency_report_unit": "milliseconds",
    "machine": "AMD Ryzen 9 3900X 12-Core Processor",
    "os": "linux",
    "os_cache_state": "unknown_os_cache",
    "process_coordination_note": "native cross-engine benchmarks are single-process comparisons; cross-process coordination overhead is measured separately",
    "process_state": "warm_process",
    "range_scan_workload": "prepared_range_scan_50_rows_ordered",
    "read_pattern": "deterministic_permutation",
    "read_workload": "prepared_point_lookup_with_value_materialization",
    "run_id": "1781237431944",
    "size_measurement": "db_plus_wal_after_checkpoint",
    "sqlite_durability": "wal+synchronous_full+wal_autocheckpoint_0",
    "sqlite_profile": "sqlite_wal_full",
    "statistical_runs": "5",
    "storage_root": "../../target/embedded_compare",
    "storage_state": "reused_storage",
    "wal_autocheckpoint_note": "sqlite wal_autocheckpoint=0 is a benchmark-specific tuning; production defaults differ"
  }
}