{
  "engines": {
    "H2": {
      "read_p95_ms": 0.08575900005780568
    },
    "HSQLDB": {
      "read_p95_ms": 0.14089199999034463
    },
    "decentdb_default_durable": {
      "aggregate_p95_ms": 0.14310720000000002,
      "aggregate_p95_stddev_ms": 0.0014733228295251495,
      "commit_p95_ms": 0.9252148,
      "commit_p95_stddev_ms": 0.11459199359012831,
      "concurrent_read_p95_ms": 0.040266399999999994,
      "concurrent_read_p95_stddev_ms": 0.001355030567920885,
      "concurrent_read_threads": 4,
      "db_size_mb": 3.691436767578125,
      "insert_rows_per_sec": 1617064.0869584186,
      "insert_rps_stddev": 36144.89038672069,
      "join_p95_ms": 0.031102799999999996,
      "join_p95_stddev_ms": 0.0005390648940526552,
      "range_scan_p95_ms": 0.6764458,
      "range_scan_p95_stddev_ms": 0.020475357397613345,
      "read_p95_ms": 0.0169598,
      "read_p95_stddev_ms": 0.00043199324068786085
    },
    "decentdb_tuned_durable": {
      "aggregate_p95_ms": 0.0258068,
      "aggregate_p95_stddev_ms": 0.0002166373928942092,
      "commit_p95_ms": 0.30166360000000003,
      "commit_p95_stddev_ms": 0.010112259699987936,
      "concurrent_read_p95_ms": 0.005530200000000001,
      "concurrent_read_p95_stddev_ms": 0.0013768438400922596,
      "concurrent_read_threads": 4,
      "db_size_mb": 3.210968017578125,
      "insert_rows_per_sec": 1787296.9993487769,
      "insert_rps_stddev": 46222.55057989225,
      "join_p95_ms": 0.0030208,
      "join_p95_stddev_ms": 5.4576185282593766e-05,
      "range_scan_p95_ms": 0.012146,
      "range_scan_p95_stddev_ms": 0.0002611214276921755,
      "read_p95_ms": 0.001907,
      "read_p95_stddev_ms": 1.6248076809271963e-05
    },
    "duckdb": {
      "aggregate_p95_ms": 0.3118468,
      "aggregate_p95_stddev_ms": 0.00892470999864982,
      "commit_p95_ms": 0.705885,
      "commit_p95_stddev_ms": 0.009508029343665306,
      "concurrent_read_p95_ms": 0.24066799999999997,
      "concurrent_read_p95_stddev_ms": 0.006711868711469251,
      "concurrent_read_threads": 4,
      "db_size_mb": 3.26171875,
      "insert_rows_per_sec": 4993.288967225109,
      "insert_rps_stddev": 24.644997683495554,
      "join_p95_ms": 0.5063644,
      "join_p95_stddev_ms": 0.007475832544941062,
      "range_scan_p95_ms": 1.1566231999999999,
      "range_scan_p95_stddev_ms": 0.12921957623580102,
      "read_p95_ms": 0.22555300000000003,
      "read_p95_stddev_ms": 0.0014171629405258944
    },
    "sqlite": {
      "aggregate_p95_ms": 0.0374144,
      "aggregate_p95_stddev_ms": 0.003279264100373739,
      "commit_p95_ms": 0.3197528,
      "commit_p95_stddev_ms": 0.023242196517541114,
      "concurrent_read_p95_ms": 0.023314999999999995,
      "concurrent_read_p95_stddev_ms": 0.01212392109839057,
      "concurrent_read_threads": 4,
      "db_size_mb": 2.1953125,
      "insert_rows_per_sec": 2266283.7599928672,
      "insert_rps_stddev": 134668.25043960812,
      "join_p95_ms": 0.0037916000000000004,
      "join_p95_stddev_ms": 6.400812448431838e-05,
      "range_scan_p95_ms": 0.011377,
      "range_scan_p95_stddev_ms": 0.000269229270325498,
      "read_p95_ms": 0.0034974,
      "read_p95_stddev_ms": 9.520504188329515e-06
    }
  },
  "metadata": {
    "aggregate_workload": "prepared_count_sum_aggregate_on_user_id",
    "aggregated_at": "2026-05-22T23:01:18.566231+00:00",
    "benchmark_profile": "single_thread_prepared_statement_oltp_with_concurrent_read_extension",
    "binding_parity_note": "sqlite via rusqlite FFI; duckdb via duckdb-rs FFI; decentdb via native Rust API (zero FFI overhead in benchmark loop)",
    "commit_workload": "prepared_single_row_auto_commit_insert_p95",
    "concurrent_read_workload": "4_threads_each_doing_25000_prepared_point_lookups",
    "decentdb_clone_overhead_note": "removed string.clone() on every read in this revision to eliminate heap-allocator skew",
    "decentdb_durability": "wal_sync_full",
    "decentdb_profile_default": "decentdb_default_durable:wal_sync_full cache_size_mb=4",
    "decentdb_profile_tuned": "decentdb_tuned_durable:wal_sync_full cache_size_mb=64 retain_paged_row_sources_after_commit=true paged_row_storage=false wal_autocheckpoint=0",
    "duckdb_durability": "engine_default",
    "duckdb_threads_note": "duckdb forced to single thread; concurrent read test falls back to single-threaded for duckdb because Connection is not Send",
    "durability_profile": "engine_specific_with_profile_pairs",
    "hardware_class_note": "server_cloud_cpu; results may not generalize to embedded targets such as raspberry pi",
    "insert_timing_scope": "prepared_transaction_body_excludes_begin_prepare_and_final_commit; durable commit cost is reported separately as commit_workload",
    "insert_workload": "prepared_single_row_insert_loop_inside_one_explicit_transaction",
    "join_dataset_rows": "10000",
    "join_workload": "prepared_inner_join_lookup_with_value_materialization",
    "latency_capture_unit": "nanoseconds",
    "latency_report_unit": "milliseconds",
    "machine": "AMD EPYC 9V74 80-Core Processor",
    "notes": "merged extra engines from .tmp/benchmark-assets/root-readme-results.json",
    "os": "linux",
    "python_merge_target_operations": 500,
    "range_scan_workload": "prepared_range_scan_50_rows_ordered",
    "read_pattern": "deterministic_permutation",
    "read_workload": "prepared_point_lookup_with_value_materialization",
    "run_id": "1779490332447",
    "size_measurement": "db_plus_wal_after_checkpoint",
    "sqlite_durability": "wal+synchronous_full+wal_autocheckpoint_0",
    "sqlite_profile": "sqlite_wal_full",
    "statistical_runs": "5",
    "storage_root": "../../target/embedded_compare",
    "wal_autocheckpoint_note": "sqlite wal_autocheckpoint=0 is a benchmark-specific tuning; production defaults differ"
  }
}
