{
  "engines": {
    "H2": {
      "db_plus_wal_size_mb": 0.0,
      "db_size_mb_main": 0.0,
      "db_size_mb_source": "python:h2(jdbc)",
      "os_cache_state": "unknown_os_cache",
      "os_cache_state_source": "python:h2(jdbc)",
      "process_state": "warm_process",
      "process_state_source": "python:h2(jdbc)",
      "read_p95_ms": 0.203693999992538,
      "storage_state": "reused_storage",
      "storage_state_source": "python:h2(jdbc)",
      "wal_size_mb": 0.0,
      "wal_size_mb_source": "python:h2(jdbc)"
    },
    "HSQLDB": {
      "db_plus_wal_size_mb": 0.0,
      "db_size_mb_main": 0.0,
      "db_size_mb_source": "python:hsqldb(jdbc)",
      "os_cache_state": "unknown_os_cache",
      "os_cache_state_source": "python:hsqldb(jdbc)",
      "process_state": "warm_process",
      "process_state_source": "python:hsqldb(jdbc)",
      "read_p95_ms": 0.15903000007710943,
      "storage_state": "reused_storage",
      "storage_state_source": "python:hsqldb(jdbc)",
      "wal_size_mb": 0.0,
      "wal_size_mb_source": "python:hsqldb(jdbc)"
    },
    "decentdb_balanced_durable": {
      "aggregate_p95_ms": 0.00047099999999999996,
      "aggregate_p95_stddev_ms": 5.421010862427522e-20,
      "commit_p95_ms": 0.4372034,
      "commit_p95_stddev_ms": 0.04583293235916725,
      "concurrent_read_p95_ms": 0.0012504,
      "concurrent_read_p95_stddev_ms": 5.001839661564532e-05,
      "concurrent_read_threads": 4,
      "db_plus_wal_size_mb": 3.695343017578125,
      "db_size_mb": 3.695343017578125,
      "db_size_mb_main": 3.6953125,
      "insert_rows_per_sec": 2892077.2178092077,
      "insert_rps_stddev": 12407.518719386664,
      "join_p95_ms": 0.0011941999999999999,
      "join_p95_stddev_ms": 9.085901166092443e-05,
      "range_scan_p95_ms": 0.010452,
      "range_scan_p95_stddev_ms": 0.001416565706206387,
      "read_p95_ms": 0.0007396,
      "read_p95_stddev_ms": 3.5533646027392104e-05,
      "wal_size_mb": 3.0517578125e-05
    },
    "decentdb_low_memory_durable": {
      "aggregate_p95_ms": 0.00047279999999999995,
      "aggregate_p95_stddev_ms": 4.1182520563947925e-06,
      "commit_p95_ms": 0.428284,
      "commit_p95_stddev_ms": 0.017681062649060445,
      "concurrent_read_p95_ms": 0.0012426000000000002,
      "concurrent_read_p95_stddev_ms": 2.7644891028904436e-05,
      "concurrent_read_threads": 4,
      "db_plus_wal_size_mb": 3.695343017578125,
      "db_size_mb": 3.695343017578125,
      "db_size_mb_main": 3.6953125,
      "insert_rows_per_sec": 2882884.3015186074,
      "insert_rps_stddev": 13256.699938681291,
      "join_p95_ms": 0.0011782000000000001,
      "join_p95_stddev_ms": 7.664045928881172e-05,
      "range_scan_p95_ms": 0.0097342,
      "range_scan_p95_stddev_ms": 5.128118563371948e-05,
      "read_p95_ms": 0.0007476,
      "read_p95_stddev_ms": 1.3154466921924266e-05,
      "wal_size_mb": 3.0517578125e-05
    },
    "decentdb_tuned_durable": {
      "aggregate_p95_ms": 0.00047280000000000005,
      "aggregate_p95_stddev_ms": 4.1182520563947925e-06,
      "commit_p95_ms": 0.4888058,
      "commit_p95_stddev_ms": 0.05380822295300226,
      "concurrent_read_p95_ms": 0.0013509999999999998,
      "concurrent_read_p95_stddev_ms": 3.5440090293338635e-05,
      "concurrent_read_threads": 4,
      "db_plus_wal_size_mb": 4.062530517578125,
      "db_size_mb": 4.062530517578125,
      "db_size_mb_main": 4.0625,
      "insert_rows_per_sec": 3436171.2733834074,
      "insert_rps_stddev": 156505.82590737147,
      "join_p95_ms": 0.0012201999999999998,
      "join_p95_stddev_ms": 8.426719409117644e-05,
      "range_scan_p95_ms": 0.0057508,
      "range_scan_p95_stddev_ms": 0.00034187798993208073,
      "read_p95_ms": 0.0009618,
      "read_p95_stddev_ms": 1.918749592833834e-05,
      "wal_size_mb": 3.0517578125e-05
    },
    "duckdb_engine_default": {
      "aggregate_p95_ms": 0.3023002,
      "aggregate_p95_stddev_ms": 0.004980114231621598,
      "commit_p95_ms": 0.800658,
      "commit_p95_stddev_ms": 0.024631448272482905,
      "concurrent_read_p95_ms": 0.23653019999999997,
      "concurrent_read_p95_stddev_ms": 0.003156630950871516,
      "concurrent_read_threads": 4,
      "db_plus_wal_size_mb": 3.26171875,
      "db_size_mb": 3.26171875,
      "db_size_mb_main": 3.26171875,
      "insert_rows_per_sec": 4921.925926483271,
      "insert_rps_stddev": 37.19727719214936,
      "join_p95_ms": 0.5005098,
      "join_p95_stddev_ms": 0.007959564168973077,
      "range_scan_p95_ms": 1.0593056,
      "range_scan_p95_stddev_ms": 0.09138913572761262,
      "read_p95_ms": 0.23004220000000003,
      "read_p95_stddev_ms": 0.0024457759832004263,
      "wal_size_mb": 0.0
    },
    "sqlite": {
      "aggregate_p95_ms": 0.035016000000000005,
      "aggregate_p95_stddev_ms": 6.829641279012954e-05,
      "commit_p95_ms": 0.47867620000000005,
      "commit_p95_stddev_ms": 0.06407596317621768,
      "concurrent_read_p95_ms": 0.0383864,
      "concurrent_read_p95_stddev_ms": 0.0006842033615819211,
      "concurrent_read_threads": 4,
      "db_plus_wal_size_mb": 2.1953125,
      "db_size_mb": 2.1953125,
      "db_size_mb_main": 2.1953125,
      "insert_rows_per_sec": 2110477.6228137612,
      "insert_rps_stddev": 14658.027191462106,
      "join_p95_ms": 0.0032664,
      "join_p95_stddev_ms": 7.378509334547194e-05,
      "range_scan_p95_ms": 0.011046799999999999,
      "range_scan_p95_stddev_ms": 0.0004173580716842554,
      "read_p95_ms": 0.0028493999999999998,
      "read_p95_stddev_ms": 1.8789358690492953e-05,
      "wal_size_mb": 0.0
    }
  },
  "metadata": {
    "aggregate_workload": "prepared_count_sum_aggregate_on_user_id",
    "aggregated_at": "2026-06-29T23:29:59.201191+00:00",
    "benchmark_profile": "single_thread_prepared_statement_oltp_with_concurrent_read_extension",
    "binding_parity_note": "sqlite via rusqlite FFI; duckdb via duckdb-rs FFI; decentdb via native Rust API (zero FFI overhead in benchmark loop)",
    "commit_workload": "prepared_single_row_auto_commit_insert_p95",
    "concurrent_read_workload": "4_threads_each_doing_25000_prepared_point_lookups",
    "decentdb_clone_overhead_note": "removed string.clone() on every read in this revision to eliminate heap-allocator skew",
    "decentdb_durability": "wal_sync_full",
    "decentdb_process_coordination": "single_process_unsafe",
    "decentdb_profile_balanced": "decentdb_balanced_durable:wal_sync_full cache_size_mb=16 process_coordination=single_process_unsafe",
    "decentdb_profile_default": "decentdb_balanced_durable:wal_sync_full cache_size_mb=16 process_coordination=single_process_unsafe",
    "decentdb_profile_low_memory": "decentdb_low_memory_durable:wal_sync_full cache_size_mb=4 process_coordination=single_process_unsafe",
    "decentdb_profile_tuned": "decentdb_tuned_durable:wal_sync_full cache_size_mb=64 retain_paged_row_sources_after_commit=true paged_row_storage=false wal_autocheckpoint=0 process_coordination=single_process_unsafe",
    "duckdb_durability": "engine_default",
    "duckdb_engine_note": "engine-default durability and thread behavior are explicitly retained for this row",
    "duckdb_profile": "duckdb_engine_default",
    "duckdb_threads_note": "duckdb forced to single thread; concurrent read test falls back to single-threaded for duckdb because Connection is not Send",
    "durability_profile": "engine_specific_with_profile_pairs",
    "hardware_class_note": "native_linux_cpu; results may not generalize to embedded targets such as raspberry pi",
    "insert_timing_scope": "prepared_transaction_body_excludes_begin_prepare_and_final_commit; durable commit cost is reported separately as commit_workload",
    "insert_workload": "prepared_single_row_insert_loop_inside_one_explicit_transaction",
    "join_dataset_rows": "10000",
    "join_workload": "prepared_inner_join_lookup_with_value_materialization",
    "latency_capture_unit": "nanoseconds",
    "latency_report_unit": "milliseconds",
    "machine": "AMD EPYC 7763 64-Core Processor",