{
  "engines": {
    "H2": {
      "db_plus_wal_size_mb": 0.0,
      "db_size_mb_main": 0.0,
      "db_size_mb_source": "python:h2(jdbc)",
      "os_cache_state": "unknown_os_cache",
      "os_cache_state_source": "python:h2(jdbc)",
      "process_state": "warm_process",
      "process_state_source": "python:h2(jdbc)",
      "read_p95_ms": 0.15576200007672014,
      "storage_state": "reused_storage",
      "storage_state_source": "python:h2(jdbc)",
      "wal_size_mb": 0.0,
      "wal_size_mb_source": "python:h2(jdbc)"
    },
    "HSQLDB": {
      "db_plus_wal_size_mb": 0.0,
      "db_size_mb_main": 0.0,
      "db_size_mb_source": "python:hsqldb(jdbc)",
      "os_cache_state": "unknown_os_cache",
      "os_cache_state_source": "python:hsqldb(jdbc)",
      "process_state": "warm_process",
      "process_state_source": "python:hsqldb(jdbc)",
      "read_p95_ms": 0.24111100015034026,
      "storage_state": "reused_storage",
      "storage_state_source": "python:hsqldb(jdbc)",
      "wal_size_mb": 0.0,
      "wal_size_mb_source": "python:hsqldb(jdbc)"
    },
    "decentdb_balanced_durable": {
      "aggregate_p95_ms": 0.12736039999999998,
      "aggregate_p95_stddev_ms": 0.0004666813045323348,
      "commit_p95_ms": 0.9060354,
      "commit_p95_stddev_ms": 0.04657700872147116,
      "concurrent_read_p95_ms": 0.0453704,
      "concurrent_read_p95_stddev_ms": 0.0012208604506658408,
      "concurrent_read_threads": 4,
      "db_plus_wal_size_mb": 3.691436767578125,
      "db_size_mb": 3.691436767578125,
      "db_size_mb_main": 3.69140625,
      "insert_rows_per_sec": 2657465.7364433794,
      "insert_rps_stddev": 114921.16717212144,
      "join_p95_ms": 0.028585400000000004,
      "join_p95_stddev_ms": 0.0006733024877423228,
      "range_scan_p95_ms": 0.6252152000000001,
      "range_scan_p95_stddev_ms": 0.004671534368919912,
      "read_p95_ms": 0.015484799999999998,
      "read_p95_stddev_ms": 0.00020255014194021134,
      "wal_size_mb": 3.0517578125e-05
    },
    "decentdb_low_memory_durable": {
      "aggregate_p95_ms": 0.12786939999999997,
      "aggregate_p95_stddev_ms": 0.000495302170397021,
      "commit_p95_ms": 0.871179,
      "commit_p95_stddev_ms": 0.0208144716387421,
      "concurrent_read_p95_ms": 0.044307,
      "concurrent_read_p95_stddev_ms": 0.0009470983053516666,
      "concurrent_read_threads": 4,
      "db_plus_wal_size_mb": 3.691436767578125,
      "db_size_mb": 3.691436767578125,
      "db_size_mb_main": 3.69140625,
      "insert_rows_per_sec": 2671951.013522356,
      "insert_rps_stddev": 12566.05597565607,
      "join_p95_ms": 0.030598999999999998,
      "join_p95_stddev_ms": 0.002953626990667576,
      "range_scan_p95_ms": 0.626549,
      "range_scan_p95_stddev_ms": 0.00125886027818818,
      "read_p95_ms": 0.0157276,
      "read_p95_stddev_ms": 0.0001930456940726723,
      "wal_size_mb": 3.0517578125e-05
    },
    "decentdb_tuned_durable": {
      "aggregate_p95_ms": 0.030653399999999997,
      "aggregate_p95_stddev_ms": 0.00017825666887945552,
      "commit_p95_ms": 0.46221700000000004,
      "commit_p95_stddev_ms": 0.01063252600278974,
      "concurrent_read_p95_ms": 0.004815,
      "concurrent_read_p95_stddev_ms": 0.001050921119780167,
      "concurrent_read_threads": 4,
      "db_plus_wal_size_mb": 3.210968017578125,
      "db_size_mb": 3.210968017578125,
      "db_size_mb_main": 3.2109375,
      "insert_rows_per_sec": 3251228.8774911426,
      "insert_rps_stddev": 61382.750151157976,
      "join_p95_ms": 0.0033504,
      "join_p95_stddev_ms": 3.8536216731796604e-05,
      "range_scan_p95_ms": 0.0123588,
      "range_scan_p95_stddev_ms": 0.0003586454516650117,
      "read_p95_ms": 0.0019974,
      "read_p95_stddev_ms": 3.287917273898469e-05,
      "wal_size_mb": 3.0517578125e-05
    },
    "duckdb_engine_default": {
      "aggregate_p95_ms": 0.2959944,
      "aggregate_p95_stddev_ms": 0.005507752231173802,
      "commit_p95_ms": 0.8386392,
      "commit_p95_stddev_ms": 0.039832933170430705,
      "concurrent_read_p95_ms": 0.22942800000000002,
      "concurrent_read_p95_stddev_ms": 0.0022572003898635126,
      "concurrent_read_threads": 4,
      "db_plus_wal_size_mb": 3.26171875,
      "db_size_mb": 3.26171875,
      "db_size_mb_main": 3.26171875,
      "insert_rows_per_sec": 4993.275606149956,
      "insert_rps_stddev": 57.2979577214086,
      "join_p95_ms": 0.48079859999999996,
      "join_p95_stddev_ms": 0.0053281728050054945,
      "range_scan_p95_ms": 1.0447058,
      "range_scan_p95_stddev_ms": 0.11075548026061736,
      "read_p95_ms": 0.2218696,
      "read_p95_stddev_ms": 0.001274163662957002,
      "wal_size_mb": 0.0
    },
    "sqlite": {
      "aggregate_p95_ms": 0.0351562,
      "aggregate_p95_stddev_ms": 8.745375921022331e-05,
      "commit_p95_ms": 0.48844180000000004,
      "commit_p95_stddev_ms": 0.024638472496484033,
      "concurrent_read_p95_ms": 0.038827,
      "concurrent_read_p95_stddev_ms": 0.001107624123969861,
      "concurrent_read_threads": 4,
      "db_plus_wal_size_mb": 2.1953125,
      "db_size_mb": 2.1953125,
      "db_size_mb_main": 2.1953125,
      "insert_rows_per_sec": 2089870.293231697,
      "insert_rps_stddev": 18257.729535046936,
      "join_p95_ms": 0.003222,
      "join_p95_stddev_ms": 3.1999999999999965e-05,
      "range_scan_p95_ms": 0.011000999999999999,
      "range_scan_p95_stddev_ms": 0.0004538995483584446,
      "read_p95_ms": 0.0028414,
      "read_p95_stddev_ms": 8.212186067059174e-06,
      "wal_size_mb": 0.0
    }
  },
  "metadata": {
    "aggregate_workload": "prepared_count_sum_aggregate_on_user_id",
    "aggregated_at": "2026-06-10T20:20:55.323790+00:00",
    "benchmark_profile": "single_thread_prepared_statement_oltp_with_concurrent_read_extension",
    "binding_parity_note": "sqlite via rusqlite FFI; duckdb via duckdb-rs FFI; decentdb via native Rust API (zero FFI overhead in benchmark loop)",
    "commit_workload": "prepared_single_row_auto_commit_insert_p95",
    "concurrent_read_workload": "4_threads_each_doing_25000_prepared_point_lookups",
    "decentdb_clone_overhead_note": "removed string.clone() on every read in this revision to eliminate heap-allocator skew",
    "decentdb_durability": "wal_sync_full",
    "decentdb_process_coordination": "single_process_unsafe",
    "decentdb_profile_balanced": "decentdb_balanced_durable:wal_sync_full cache_size_mb=16 process_coordination=single_process_unsafe",
    "decentdb_profile_default": "decentdb_balanced_durable:wal_sync_full cache_size_mb=16 process_coordination=single_process_unsafe",
    "decentdb_profile_low_memory": "decentdb_low_memory_durable:wal_sync_full cache_size_mb=4 process_coordination=single_process_unsafe",
    "decentdb_profile_tuned": "decentdb_tuned_durable:wal_sync_full cache_size_mb=64 retain_paged_row_sources_after_commit=true paged_row_storage=false wal_autocheckpoint=0 process_coordination=single_process_unsafe",
    "duckdb_durability": "engine_default",
    "duckdb_engine_note": "engine-default durability and thread behavior are explicitly retained for this row",
    "duckdb_profile": "duckdb_engine_default",
    "duckdb_threads_note": "duckdb forced to single thread; concurrent read test falls back to single-threaded for duckdb because Connection is not Send",
    "durability_profile": "engine_specific_with_profile_pairs",
    "hardware_class_note": "native_linux_cpu; results may not generalize to embedded targets such as raspberry pi",
    "insert_timing_scope": "prepared_transaction_body_excludes_begin_prepare_and_final_commit; durable commit cost is reported separately as commit_workload",
    "insert_workload": "prepared_single_row_insert_loop_inside_one_explicit_transaction",
    "join_dataset_rows": "10000",
    "join_workload": "prepared_inner_join_lookup_with_value_materialization",
    "latency_capture_unit": "nanoseconds",
    "latency_report_unit": "milliseconds",
    "machine": "AMD EPYC 7763 64-Core Processor",