{
  "engines": {
    "H2": {
      "read_p95_ms": 0.19110700009150605
    },
    "HSQLDB": {
      "read_p95_ms": 0.17799199997625692
    },
    "decentdb_default_durable": {
      "aggregate_p95_ms": 0.1270372,
      "aggregate_p95_stddev_ms": 0.001365410473081258,
      "commit_p95_ms": 0.9170322000000001,
      "commit_p95_stddev_ms": 0.04443471452997083,
      "concurrent_read_p95_ms": 0.0531674,
      "concurrent_read_p95_stddev_ms": 0.002325412961174854,
      "concurrent_read_threads": 4,
      "db_size_mb": 3.691436767578125,
      "insert_rows_per_sec": 1668640.269544552,
      "insert_rps_stddev": 14689.144060777708,
      "join_p95_ms": 0.0274772,
      "join_p95_stddev_ms": 0.00044542402270196415,
      "range_scan_p95_ms": 0.6296061999999999,
      "range_scan_p95_stddev_ms": 0.005725929283531193,
      "read_p95_ms": 0.015042400000000001,
      "read_p95_stddev_ms": 0.00016824101759083598
    },
    "decentdb_tuned_durable": {
      "aggregate_p95_ms": 0.022904800000000003,
      "aggregate_p95_stddev_ms": 0.00023928510191819296,
      "commit_p95_ms": 0.42442919999999995,
      "commit_p95_stddev_ms": 0.029422025595801524,
      "concurrent_read_p95_ms": 0.0028312,
      "concurrent_read_p95_stddev_ms": 4.3101740104083934e-05,
      "concurrent_read_threads": 4,
      "db_size_mb": 3.210968017578125,
      "insert_rows_per_sec": 1853415.1805107077,
      "insert_rps_stddev": 32393.859651195286,
      "join_p95_ms": 0.0025186,
      "join_p95_stddev_ms": 0.0001439702747097469,
      "range_scan_p95_ms": 0.0120502,
      "range_scan_p95_stddev_ms": 0.00033139909474831083,
      "read_p95_ms": 0.0012705999999999998,
      "read_p95_stddev_ms": 0.00010234568872209515
    },
    "duckdb": {
      "aggregate_p95_ms": 0.3046238,
      "aggregate_p95_stddev_ms": 0.004944688924492607,
      "commit_p95_ms": 0.7774764000000001,
      "commit_p95_stddev_ms": 0.018642527485295532,
      "concurrent_read_p95_ms": 0.23719220000000002,
      "concurrent_read_p95_stddev_ms": 0.004515903382491702,
      "concurrent_read_threads": 4,
      "db_size_mb": 3.26171875,
      "insert_rows_per_sec": 4905.79695551979,
      "insert_rps_stddev": 20.126483100210145,
      "join_p95_ms": 0.494658,
      "join_p95_stddev_ms": 0.006320389703174961,
      "range_scan_p95_ms": 1.0793218,
      "range_scan_p95_stddev_ms": 0.08107409681865098,
      "read_p95_ms": 0.22807119999999997,
      "read_p95_stddev_ms": 0.002452382547646262
    },
    "sqlite": {
      "aggregate_p95_ms": 0.03710719999999999,
      "aggregate_p95_stddev_ms": 0.0032246940568060093,
      "commit_p95_ms": 0.45579359999999997,
      "commit_p95_stddev_ms": 0.032701517326264834,
      "concurrent_read_p95_ms": 0.040471599999999996,
      "concurrent_read_p95_stddev_ms": 0.0004426888749449201,
      "concurrent_read_threads": 4,
      "db_size_mb": 2.1953125,
      "insert_rows_per_sec": 2089688.7094751701,
      "insert_rps_stddev": 29163.391109079144,
      "join_p95_ms": 0.0032382,
      "join_p95_stddev_ms": 5.666886270254597e-05,
      "range_scan_p95_ms": 0.011383599999999999,
      "range_scan_p95_stddev_ms": 0.001344527664274707,
      "read_p95_ms": 0.0029196,
      "read_p95_stddev_ms": 3.923569803125718e-05
    }
  },
  "metadata": {
    "aggregate_workload": "prepared_count_sum_aggregate_on_user_id",
    "aggregated_at": "2026-05-21T16:16:57.683383+00:00",
    "benchmark_profile": "single_thread_prepared_statement_oltp_with_concurrent_read_extension",
    "binding_parity_note": "sqlite via rusqlite FFI; duckdb via duckdb-rs FFI; decentdb via native Rust API (zero FFI overhead in benchmark loop)",
    "commit_workload": "prepared_single_row_auto_commit_insert_p95",
    "concurrent_read_workload": "4_threads_each_doing_25000_prepared_point_lookups",
    "decentdb_clone_overhead_note": "removed string.clone() on every read in this revision to eliminate heap-allocator skew",
    "decentdb_durability": "wal_sync_full",
    "decentdb_profile_default": "decentdb_default_durable:wal_sync_full cache_size_mb=4",
    "decentdb_profile_tuned": "decentdb_tuned_durable:wal_sync_full cache_size_mb=64 retain_paged_row_sources_after_commit=true paged_row_storage=false wal_autocheckpoint=0",
    "duckdb_durability": "engine_default",
    "duckdb_threads_note": "duckdb forced to single thread; concurrent read test falls back to single-threaded for duckdb because Connection is not Send",
    "durability_profile": "engine_specific_with_profile_pairs",
    "hardware_class_note": "server_cloud_cpu; results may not generalize to embedded targets such as raspberry pi",
    "insert_timing_scope": "prepared_transaction_body_excludes_begin_prepare_and_final_commit; durable commit cost is reported separately as commit_workload",
    "insert_workload": "prepared_single_row_insert_loop_inside_one_explicit_transaction",
    "join_dataset_rows": "10000",
    "join_workload": "prepared_inner_join_lookup_with_value_materialization",
    "latency_capture_unit": "nanoseconds",
    "latency_report_unit": "milliseconds",
    "machine": "AMD EPYC 7763 64-Core Processor",
    "notes": "merged extra engines from .tmp/benchmark-assets/root-readme-results.json",
    "os": "linux",
    "python_merge_target_operations": 500,
    "range_scan_workload": "prepared_range_scan_50_rows_ordered",
    "read_pattern": "deterministic_permutation",
    "read_workload": "prepared_point_lookup_with_value_materialization",
    "run_id": "1779379665661",
    "size_measurement": "db_plus_wal_after_checkpoint",
    "sqlite_durability": "wal+synchronous_full+wal_autocheckpoint_0",
    "sqlite_profile": "sqlite_wal_full",
    "statistical_runs": "5",
    "storage_root": "../../target/embedded_compare",
    "wal_autocheckpoint_note": "sqlite wal_autocheckpoint=0 is a benchmark-specific tuning; production defaults differ"
  }
}
