{
  "engines": {
    "H2": {
      "db_plus_wal_size_mb": 0.0,
      "db_size_mb_main": 0.0,
      "db_size_mb_source": "python:h2(jdbc)",
      "os_cache_state": "unknown_os_cache",
      "os_cache_state_source": "python:h2(jdbc)",
      "process_state": "warm_process",
      "process_state_source": "python:h2(jdbc)",
      "read_p95_ms": 0.19049699994866387,
      "storage_state": "reused_storage",
      "storage_state_source": "python:h2(jdbc)",
      "wal_size_mb": 0.0,
      "wal_size_mb_source": "python:h2(jdbc)"
    },
    "HSQLDB": {
      "db_plus_wal_size_mb": 0.0,
      "db_size_mb_main": 0.0,
      "db_size_mb_source": "python:hsqldb(jdbc)",
      "os_cache_state": "unknown_os_cache",
      "os_cache_state_source": "python:hsqldb(jdbc)",
      "process_state": "warm_process",
      "process_state_source": "python:hsqldb(jdbc)",
      "read_p95_ms": 0.2346290000332374,
      "storage_state": "reused_storage",
      "storage_state_source": "python:hsqldb(jdbc)",
      "wal_size_mb": 0.0,
      "wal_size_mb_source": "python:hsqldb(jdbc)"
    },
    "decentdb_balanced_durable": {
      "aggregate_p95_ms": 0.12396599999999999,
      "aggregate_p95_stddev_ms": 0.0005459498145434258,
      "commit_p95_ms": 0.8241569999999999,
      "commit_p95_stddev_ms": 0.056499105026540035,
      "concurrent_read_p95_ms": 0.0444808,
      "concurrent_read_p95_stddev_ms": 0.0006986396496048585,
      "concurrent_read_threads": 4,
      "db_plus_wal_size_mb": 3.691436767578125,
      "db_size_mb": 3.691436767578125,
      "db_size_mb_main": 3.69140625,
      "insert_rows_per_sec": 2631646.0557878637,
      "insert_rps_stddev": 57987.588945522664,
      "join_p95_ms": 0.0289402,
      "join_p95_stddev_ms": 0.0003860338845231084,
      "range_scan_p95_ms": 0.6289876,
      "range_scan_p95_stddev_ms": 0.004180049980562429,
      "read_p95_ms": 0.0158598,
      "read_p95_stddev_ms": 0.00013166685232054426,
      "wal_size_mb": 3.0517578125e-05
    },
    "decentdb_low_memory_durable": {
      "aggregate_p95_ms": 0.12427619999999999,
      "aggregate_p95_stddev_ms": 0.0005696063201896559,
      "commit_p95_ms": 0.803523,
      "commit_p95_stddev_ms": 0.020359622697879255,
      "concurrent_read_p95_ms": 0.0450704,
      "concurrent_read_p95_stddev_ms": 0.00034033489389129727,
      "concurrent_read_threads": 4,
      "db_plus_wal_size_mb": 3.691436767578125,
      "db_size_mb": 3.691436767578125,
      "db_size_mb_main": 3.69140625,
      "insert_rows_per_sec": 2597399.4372512745,
      "insert_rps_stddev": 14330.198947689323,
      "join_p95_ms": 0.029743199999999997,
      "join_p95_stddev_ms": 0.001217836672136293,
      "range_scan_p95_ms": 0.620257,
      "range_scan_p95_stddev_ms": 0.019327606649557006,
      "read_p95_ms": 0.015984,
      "read_p95_stddev_ms": 0.00016887983893881426,
      "wal_size_mb": 3.0517578125e-05
    },
    "decentdb_tuned_durable": {
      "aggregate_p95_ms": 0.031452999999999995,
      "aggregate_p95_stddev_ms": 0.00011288932633335934,
      "commit_p95_ms": 0.3972572,
      "commit_p95_stddev_ms": 0.012539726271334638,
      "concurrent_read_p95_ms": 0.004172,
      "concurrent_read_p95_stddev_ms": 0.0004967872784200499,
      "concurrent_read_threads": 4,
      "db_plus_wal_size_mb": 3.210968017578125,
      "db_size_mb": 3.210968017578125,
      "db_size_mb_main": 3.2109375,
      "insert_rows_per_sec": 3100377.568109668,
      "insert_rps_stddev": 64497.90439297361,
      "join_p95_ms": 0.0032281999999999996,
      "join_p95_stddev_ms": 2.7780568748677598e-05,
      "range_scan_p95_ms": 0.012339,
      "range_scan_p95_stddev_ms": 9.541488353501245e-05,
      "read_p95_ms": 0.0020318,
      "read_p95_stddev_ms": 1.3392535234226445e-05,
      "wal_size_mb": 3.0517578125e-05
    },
    "duckdb_engine_default": {
      "aggregate_p95_ms": 0.30005479999999995,
      "aggregate_p95_stddev_ms": 0.002455479537687078,
      "commit_p95_ms": 0.745433,
      "commit_p95_stddev_ms": 0.016306524939422275,
      "concurrent_read_p95_ms": 0.2330196,
      "concurrent_read_p95_stddev_ms": 0.002226750601212442,
      "concurrent_read_threads": 4,
      "db_plus_wal_size_mb": 3.26171875,
      "db_size_mb": 3.26171875,
      "db_size_mb_main": 3.26171875,
      "insert_rows_per_sec": 4982.925834701107,
      "insert_rps_stddev": 35.19027596853797,
      "join_p95_ms": 0.49248440000000004,
      "join_p95_stddev_ms": 0.008159078246959016,
      "range_scan_p95_ms": 1.074873,
      "range_scan_p95_stddev_ms": 0.09257814514236064,
      "read_p95_ms": 0.22320299999999998,
      "read_p95_stddev_ms": 0.0014727904127879124,
      "wal_size_mb": 0.0
    },
    "sqlite": {
      "aggregate_p95_ms": 0.035900999999999995,
      "aggregate_p95_stddev_ms": 0.0010043304237152247,
      "commit_p95_ms": 0.42778980000000005,
      "commit_p95_stddev_ms": 0.021646529231264772,
      "concurrent_read_p95_ms": 0.0282346,
      "concurrent_read_p95_stddev_ms": 0.011257955420057409,
      "concurrent_read_threads": 4,
      "db_plus_wal_size_mb": 2.1953125,
      "db_size_mb": 2.1953125,
      "db_size_mb_main": 2.1953125,
      "insert_rows_per_sec": 2064796.7170820564,
      "insert_rps_stddev": 22968.865591708145,
      "join_p95_ms": 0.0031818,
      "join_p95_stddev_ms": 3.834788129740688e-05,
      "range_scan_p95_ms": 0.010796,
      "range_scan_p95_stddev_ms": 0.00016776173580408647,
      "read_p95_ms": 0.0028791999999999997,
      "read_p95_stddev_ms": 3.968072579981368e-05,
      "wal_size_mb": 0.0
    }
  },
  "metadata": {
    "aggregate_workload": "prepared_count_sum_aggregate_on_user_id",
    "aggregated_at": "2026-06-09T19:13:35.623739+00:00",
    "benchmark_profile": "single_thread_prepared_statement_oltp_with_concurrent_read_extension",
    "binding_parity_note": "sqlite via rusqlite FFI; duckdb via duckdb-rs FFI; decentdb via native Rust API (zero FFI overhead in benchmark loop)",
    "commit_workload": "prepared_single_row_auto_commit_insert_p95",
    "concurrent_read_workload": "4_threads_each_doing_25000_prepared_point_lookups",
    "decentdb_clone_overhead_note": "removed string.clone() on every read in this revision to eliminate heap-allocator skew",
    "decentdb_durability": "wal_sync_full",
    "decentdb_process_coordination": "single_process_unsafe",
    "decentdb_profile_balanced": "decentdb_balanced_durable:wal_sync_full cache_size_mb=16 process_coordination=single_process_unsafe",
    "decentdb_profile_default": "decentdb_balanced_durable:wal_sync_full cache_size_mb=16 process_coordination=single_process_unsafe",
    "decentdb_profile_low_memory": "decentdb_low_memory_durable:wal_sync_full cache_size_mb=4 process_coordination=single_process_unsafe",
    "decentdb_profile_tuned": "decentdb_tuned_durable:wal_sync_full cache_size_mb=64 retain_paged_row_sources_after_commit=true paged_row_storage=false wal_autocheckpoint=0 process_coordination=single_process_unsafe",
    "duckdb_durability": "engine_default",
    "duckdb_engine_note": "engine-default durability and thread behavior are explicitly retained for this row",
    "duckdb_profile": "duckdb_engine_default",
    "duckdb_threads_note": "duckdb forced to single thread; concurrent read test falls back to single-threaded for duckdb because Connection is not Send",
    "durability_profile": "engine_specific_with_profile_pairs",
    "hardware_class_note": "native_linux_cpu; results may not generalize to embedded targets such as raspberry pi",
    "insert_timing_scope": "prepared_transaction_body_excludes_begin_prepare_and_final_commit; durable commit cost is reported separately as commit_workload",
    "insert_workload": "prepared_single_row_insert_loop_inside_one_explicit_transaction",
    "join_dataset_rows": "10000",
    "join_workload": "prepared_inner_join_lookup_with_value_materialization",
    "latency_capture_unit": "nanoseconds",
    "latency_report_unit": "milliseconds",
    "machine": "AMD EPYC 7763 64-Core Processor",