{
  "engines": {
    "decentdb_balanced_durable": {
      "read_p95_ms": 0.0007312000000000001,
      "read_p95_stddev_ms": 0.000055858392386462386,
      "join_p95_ms": 0.0010722000000000001,
      "join_p95_stddev_ms": 0.00008711004534495432,
      "commit_p95_ms": 3.0695862,
      "commit_p95_stddev_ms": 0.003421964196189162,
      "insert_rows_per_sec": 2760711.438599751,
      "insert_rps_stddev": 88239.41716267192,
      "db_size_mb": 3.695343017578125,
      "db_size_mb_main": 3.6953125,
      "wal_size_mb": 0.000030517578125,
      "db_plus_wal_size_mb": 3.695343017578125,
      "range_scan_p95_ms": 0.008167400000000002,
      "range_scan_p95_stddev_ms": 0.0001420656186415279,
      "aggregate_p95_ms": 0.000485,
      "aggregate_p95_stddev_ms": 4.898979485566369e-6,
      "concurrent_read_p95_ms": 0.001567,
      "concurrent_read_p95_stddev_ms": 0.00012236175873204828,
      "concurrent_read_threads": 4
    },
    "decentdb_low_memory_durable": {
      "read_p95_ms": 0.0007658,
      "read_p95_stddev_ms": 0.00007069483715236921,
      "join_p95_ms": 0.001064,
      "join_p95_stddev_ms": 0.000013266499161421633,
      "commit_p95_ms": 3.0727136,
      "commit_p95_stddev_ms": 0.003762125920274251,
      "insert_rows_per_sec": 2808452.5224202676,
      "insert_rps_stddev": 21380.4979088715,
      "db_size_mb": 3.695343017578125,
      "db_size_mb_main": 3.6953125,
      "wal_size_mb": 0.000030517578125,
      "db_plus_wal_size_mb": 3.695343017578125,
      "range_scan_p95_ms": 0.008167200000000001,
      "range_scan_p95_stddev_ms": 0.0001866530471221943,
      "aggregate_p95_ms": 0.000481,
      "aggregate_p95_stddev_ms": 0.0,
      "concurrent_read_p95_ms": 0.0014206,
      "concurrent_read_p95_stddev_ms": 0.0001032019379662998,
      "concurrent_read_threads": 4
    },
    "decentdb_tuned_durable": {
      "read_p95_ms": 0.0008154,
      "read_p95_stddev_ms": 0.000019520245900090505,
      "join_p95_ms": 0.0011702000000000001,
      "join_p95_stddev_ms": 0.00009457779866332268,
      "commit_p95_ms": 3.0742464,
      "commit_p95_stddev_ms": 0.003031028775844928,
      "insert_rows_per_sec": 2903595.3938462846,
      "insert_rps_stddev": 115003.97437077439,
      "db_size_mb": 4.062530517578125,
      "db_size_mb_main": 4.0625,
      "wal_size_mb": 0.000030517578125,
      "db_plus_wal_size_mb": 4.062530517578125,
      "range_scan_p95_ms": 0.0049072,
      "range_scan_p95_stddev_ms": 0.00016550818710867445,
      "aggregate_p95_ms": 0.000481,
      "aggregate_p95_stddev_ms": 0.0,
      "concurrent_read_p95_ms": 0.0016272,
      "concurrent_read_p95_stddev_ms": 0.00014160000000000003,
      "concurrent_read_threads": 4
    },
    "duckdb_engine_default": {
      "read_p95_ms": 0.15243439999999997,
      "read_p95_stddev_ms": 0.0013909663691117815,
      "join_p95_ms": 0.3396242,
      "join_p95_stddev_ms": 0.007489037011525587,
      "commit_p95_ms": 3.0717502000000003,
      "commit_p95_stddev_ms": 0.007854906018533843,
      "insert_rows_per_sec": 7232.460621323317,
      "insert_rps_stddev": 130.72284126377184,
      "db_size_mb": 3.26171875,
      "db_size_mb_main": 3.26171875,
      "wal_size_mb": 0.0,
      "db_plus_wal_size_mb": 3.26171875,
      "range_scan_p95_ms": 0.8236154000000001,
      "range_scan_p95_stddev_ms": 0.07086438024452059,
      "aggregate_p95_ms": 0.2094874,
      "aggregate_p95_stddev_ms": 0.012323383003055617,
      "concurrent_read_p95_ms": 0.1610586,
      "concurrent_read_p95_stddev_ms": 0.005290743524307334,
      "concurrent_read_threads": 4
    },
    "sqlite": {
      "read_p95_ms": 0.0026846,
      "read_p95_stddev_ms": 0.00012252444654027215,
      "join_p95_ms": 0.003288,
      "join_p95_stddev_ms": 0.0003214473518323023,
      "commit_p95_ms": 3.0691428000000003,
      "commit_p95_stddev_ms": 0.003223457113100784,
      "insert_rows_per_sec": 2040397.4515051781,
      "insert_rps_stddev": 28604.416179131145,
      "db_size_mb": 2.1953125,
      "db_size_mb_main": 2.1953125,
      "wal_size_mb": 0.0,
      "db_plus_wal_size_mb": 2.1953125,
      "range_scan_p95_ms": 0.0157396,
      "range_scan_p95_stddev_ms": 0.0011322089206502487,
      "aggregate_p95_ms": 0.0320542,
      "aggregate_p95_stddev_ms": 0.001827578332110555,
      "concurrent_read_p95_ms": 0.0161082,
      "concurrent_read_p95_stddev_ms": 0.00039269041241160975,
      "concurrent_read_threads": 4
    }
  },
  "metadata": {
    "aggregate_workload": "prepared_count_sum_aggregate_on_user_id",
    "benchmark_profile": "single_thread_prepared_statement_oltp_with_concurrent_read_extension",
    "binding_parity_note": "sqlite via rusqlite FFI; duckdb via duckdb-rs FFI; decentdb via native Rust API (zero FFI overhead in benchmark loop)",
    "commit_workload": "prepared_single_row_auto_commit_insert_p95",
    "concurrent_read_workload": "4_threads_each_doing_25000_prepared_point_lookups",
    "decentdb_clone_overhead_note": "removed string.clone() on every read in this revision to eliminate heap-allocator skew",
    "decentdb_durability": "wal_sync_full",
    "decentdb_process_coordination": "single_process_unsafe",
    "decentdb_profile_balanced": "decentdb_balanced_durable:wal_sync_full cache_size_mb=16 process_coordination=single_process_unsafe",
    "decentdb_profile_default": "decentdb_balanced_durable:wal_sync_full cache_size_mb=16 process_coordination=single_process_unsafe",
    "decentdb_profile_low_memory": "decentdb_low_memory_durable:wal_sync_full cache_size_mb=4 process_coordination=single_process_unsafe",
    "decentdb_profile_tuned": "decentdb_tuned_durable:wal_sync_full cache_size_mb=64 retain_paged_row_sources_after_commit=true paged_row_storage=false wal_autocheckpoint=0 process_coordination=single_process_unsafe",
    "duckdb_durability": "engine_default",
    "duckdb_engine_note": "engine-default durability and thread behavior are explicitly retained for this row",
    "duckdb_profile": "duckdb_engine_default",
    "duckdb_threads_note": "duckdb forced to single thread; concurrent read test falls back to single-threaded for duckdb because Connection is not Send",
    "durability_profile": "engine_specific_with_profile_pairs",
    "hardware_class_note": "native_linux_cpu; results may not generalize to embedded targets such as raspberry pi",
    "insert_timing_scope": "prepared_transaction_body_excludes_begin_prepare_and_final_commit; durable commit cost is reported separately as commit_workload",
    "insert_workload": "prepared_single_row_insert_loop_inside_one_explicit_transaction",
    "join_dataset_rows": "10000",
    "join_workload": "prepared_inner_join_lookup_with_value_materialization",
    "latency_capture_unit": "nanoseconds",
    "latency_report_unit": "milliseconds",
    "machine": "AMD Ryzen 9 3900X 12-Core Processor",
    "os": "linux",
    "os_cache_state": "unknown_os_cache",
    "process_coordination_note": "native cross-engine benchmarks are single-process comparisons; cross-process coordination overhead is measured separately",
    "process_state": "warm_process",
    "range_scan_workload": "prepared_range_scan_50_rows_ordered",
    "read_pattern": "deterministic_permutation",
    "read_workload": "prepared_point_lookup_with_value_materialization",
    "run_id": "1782769372369",
    "size_measurement": "db_plus_wal_after_checkpoint",
    "sqlite_durability": "wal+synchronous_full+wal_autocheckpoint_0",
    "sqlite_profile": "sqlite_wal_full",
    "statistical_runs": "5",
    "storage_root": "../../target/embedded_compare",
    "storage_state": "reused_storage",
    "wal_autocheckpoint_note": "sqlite wal_autocheckpoint=0 is a benchmark-specific tuning; production defaults differ"
  }
}