{
  "engines": {
    "decentdb_balanced_durable": {
      "read_p95_ms": 0.0014568,
      "read_p95_stddev_ms": 0.00012681387936657406,
      "join_p95_ms": 0.001016,
      "join_p95_stddev_ms": 0.000032000000000000005,
      "commit_p95_ms": 3.1210864000000003,
      "commit_p95_stddev_ms": 0.08716169637082566,
      "insert_rows_per_sec": 1888611.710470312,
      "insert_rps_stddev": 42899.57182130298,
      "db_size_mb": 3.695343017578125,
      "db_size_mb_main": 3.6953125,
      "wal_size_mb": 0.000030517578125,
      "db_plus_wal_size_mb": 3.695343017578125,
      "range_scan_p95_ms": 0.009393599999999998,
      "range_scan_p95_stddev_ms": 0.0008137239335302849,
      "aggregate_p95_ms": 0.00048300000000000003,
      "aggregate_p95_stddev_ms": 4.000000000000011e-6,
      "concurrent_read_p95_ms": 0.0031782,
      "concurrent_read_p95_stddev_ms": 0.00008865303153305027,
      "concurrent_read_threads": 4
    },
    "decentdb_low_memory_durable": {
      "read_p95_ms": 0.0021541999999999998,
      "read_p95_stddev_ms": 0.00019733261261129648,
      "join_p95_ms": 0.0010840000000000001,
      "join_p95_stddev_ms": 0.00014891608375189027,
      "commit_p95_ms": 3.0774923999999997,
      "commit_p95_stddev_ms": 0.005864436225247802,
      "insert_rows_per_sec": 1903702.50524989,
      "insert_rps_stddev": 21090.995869854254,
      "db_size_mb": 3.695343017578125,
      "db_size_mb_main": 3.6953125,
      "wal_size_mb": 0.000030517578125,
      "db_plus_wal_size_mb": 3.695343017578125,
      "range_scan_p95_ms": 0.009439600000000001,
      "range_scan_p95_stddev_ms": 0.00043926556887605004,
      "aggregate_p95_ms": 0.0004828000000000001,
      "aggregate_p95_stddev_ms": 7.277362159464098e-6,
      "concurrent_read_p95_ms": 0.0043064,
      "concurrent_read_p95_stddev_ms": 0.00020198574207106785,
      "concurrent_read_threads": 4
    },
    "decentdb_tuned_durable": {
      "read_p95_ms": 0.00104,
      "read_p95_stddev_ms": 0.000013266499161421633,
      "join_p95_ms": 0.0011519999999999998,
      "join_p95_stddev_ms": 0.00014965426823181487,
      "commit_p95_ms": 3.0932706,
      "commit_p95_stddev_ms": 0.022261002264947517,
      "insert_rows_per_sec": 2054860.3242561042,
      "insert_rps_stddev": 46558.587056230084,
      "db_size_mb": 4.062530517578125,
      "db_size_mb_main": 4.0625,
      "wal_size_mb": 0.000030517578125,
      "db_plus_wal_size_mb": 4.062530517578125,
      "range_scan_p95_ms": 0.006209600000000001,
      "range_scan_p95_stddev_ms": 0.000361584623566877,
      "aggregate_p95_ms": 0.0005091999999999999,
      "aggregate_p95_stddev_ms": 0.00006152202857513721,
      "concurrent_read_p95_ms": 0.0016472000000000001,
      "concurrent_read_p95_stddev_ms": 0.00002178439808670413,
      "concurrent_read_threads": 4
    },
    "duckdb_engine_default": {
      "read_p95_ms": 0.15400960000000002,
      "read_p95_stddev_ms": 0.005366661666250265,
      "join_p95_ms": 0.32992560000000004,
      "join_p95_stddev_ms": 0.0038272934353142996,
      "commit_p95_ms": 3.0729040000000003,
      "commit_p95_stddev_ms": 0.004391355189460292,
      "insert_rows_per_sec": 7203.602862617442,
      "insert_rps_stddev": 142.87728529883736,
      "db_size_mb": 3.26171875,
      "db_size_mb_main": 3.26171875,
      "wal_size_mb": 0.0,
      "db_plus_wal_size_mb": 3.26171875,
      "range_scan_p95_ms": 0.8366616,
      "range_scan_p95_stddev_ms": 0.07805653732673519,
      "aggregate_p95_ms": 0.2066904,
      "aggregate_p95_stddev_ms": 0.004243607173148806,
      "concurrent_read_p95_ms": 0.168182,
      "concurrent_read_p95_stddev_ms": 0.022015756330410273,
      "concurrent_read_threads": 4
    },
    "sqlite": {
      "read_p95_ms": 0.0030818,
      "read_p95_stddev_ms": 0.00028494659148689603,
      "join_p95_ms": 0.0035926,
      "join_p95_stddev_ms": 0.00014586651432045672,
      "commit_p95_ms": 3.0697862000000002,
      "commit_p95_stddev_ms": 0.007645207424262672,
      "insert_rows_per_sec": 1901771.105218302,
      "insert_rps_stddev": 144084.99231154742,
      "db_size_mb": 2.1953125,
      "db_size_mb_main": 2.1953125,
      "wal_size_mb": 0.0,
      "db_plus_wal_size_mb": 2.1953125,
      "range_scan_p95_ms": 0.0182982,
      "range_scan_p95_stddev_ms": 0.00273342674311934,
      "aggregate_p95_ms": 0.036721199999999996,
      "aggregate_p95_stddev_ms": 0.004778079003114117,
      "concurrent_read_p95_ms": 0.0174288,
      "concurrent_read_p95_stddev_ms": 0.0016680759455132736,
      "concurrent_read_threads": 4
    }
  },
  "metadata": {
    "aggregate_workload": "prepared_count_sum_aggregate_on_user_id",
    "benchmark_profile": "single_thread_prepared_statement_oltp_with_concurrent_read_extension",
    "binding_parity_note": "sqlite via rusqlite FFI; duckdb via duckdb-rs FFI; decentdb via native Rust API (zero FFI overhead in benchmark loop)",
    "commit_workload": "prepared_single_row_auto_commit_insert_p95",
    "concurrent_read_workload": "4_threads_each_doing_25000_prepared_point_lookups",
    "decentdb_clone_overhead_note": "removed string.clone() on every read in this revision to eliminate heap-allocator skew",
    "decentdb_durability": "wal_sync_full",
    "decentdb_process_coordination": "single_process_unsafe",
    "decentdb_profile_balanced": "decentdb_balanced_durable:wal_sync_full cache_size_mb=16 process_coordination=single_process_unsafe",
    "decentdb_profile_default": "decentdb_balanced_durable:wal_sync_full cache_size_mb=16 process_coordination=single_process_unsafe",
    "decentdb_profile_low_memory": "decentdb_low_memory_durable:wal_sync_full cache_size_mb=4 process_coordination=single_process_unsafe",
    "decentdb_profile_tuned": "decentdb_tuned_durable:wal_sync_full cache_size_mb=64 retain_paged_row_sources_after_commit=true paged_row_storage=false wal_autocheckpoint=0 process_coordination=single_process_unsafe",
    "duckdb_durability": "engine_default",
    "duckdb_engine_note": "engine-default durability and thread behavior are explicitly retained for this row",
    "duckdb_profile": "duckdb_engine_default",
    "duckdb_threads_note": "duckdb forced to single thread; concurrent read test falls back to single-threaded for duckdb because Connection is not Send",
    "durability_profile": "engine_specific_with_profile_pairs",
    "hardware_class_note": "native_linux_cpu; results may not generalize to embedded targets such as raspberry pi",
    "insert_timing_scope": "prepared_transaction_body_excludes_begin_prepare_and_final_commit; durable commit cost is reported separately as commit_workload",
    "insert_workload": "prepared_single_row_insert_loop_inside_one_explicit_transaction",
    "join_dataset_rows": "10000",
    "join_workload": "prepared_inner_join_lookup_with_value_materialization",
    "latency_capture_unit": "nanoseconds",
    "latency_report_unit": "milliseconds",
    "machine": "AMD Ryzen 9 3900X 12-Core Processor",
    "os": "linux",
    "os_cache_state": "unknown_os_cache",
    "process_coordination_note": "native cross-engine benchmarks are single-process comparisons; cross-process coordination overhead is measured separately",
    "process_state": "warm_process",
    "range_scan_workload": "prepared_range_scan_50_rows_ordered",
    "read_pattern": "deterministic_permutation",
    "read_workload": "prepared_point_lookup_with_value_materialization",
    "run_id": "1782745112821",
    "size_measurement": "db_plus_wal_after_checkpoint",
    "sqlite_durability": "wal+synchronous_full+wal_autocheckpoint_0",
    "sqlite_profile": "sqlite_wal_full",
    "statistical_runs": "5",
    "storage_root": "../../target/embedded_compare",
    "storage_state": "reused_storage",
    "wal_autocheckpoint_note": "sqlite wal_autocheckpoint=0 is a benchmark-specific tuning; production defaults differ"
  }
}