{
  "engines": {
    "H2": {
      "db_plus_wal_size_mb": 0.0,
      "db_size_mb_main": 0.0,
      "db_size_mb_source": "python:h2(jdbc)",
      "os_cache_state": "unknown_os_cache",
      "os_cache_state_source": "python:h2(jdbc)",
      "process_state": "warm_process",
      "process_state_source": "python:h2(jdbc)",
      "read_p95_ms": 0.19937299998673552,
      "storage_state": "reused_storage",
      "storage_state_source": "python:h2(jdbc)",
      "wal_size_mb": 0.0,
      "wal_size_mb_source": "python:h2(jdbc)"
    },
    "HSQLDB": {
      "db_plus_wal_size_mb": 0.0,
      "db_size_mb_main": 0.0,
      "db_size_mb_source": "python:hsqldb(jdbc)",
      "os_cache_state": "unknown_os_cache",
      "os_cache_state_source": "python:hsqldb(jdbc)",
      "process_state": "warm_process",
      "process_state_source": "python:hsqldb(jdbc)",
      "read_p95_ms": 0.2564189999247901,
      "storage_state": "reused_storage",
      "storage_state_source": "python:hsqldb(jdbc)",
      "wal_size_mb": 0.0,
      "wal_size_mb_source": "python:hsqldb(jdbc)"
    },
    "decentdb_balanced_durable": {
      "aggregate_p95_ms": 0.0005468,
      "aggregate_p95_stddev_ms": 4.749736834815139e-06,
      "commit_p95_ms": 0.45944440000000003,
      "commit_p95_stddev_ms": 0.03769475748482803,
      "concurrent_read_p95_ms": 0.002246,
      "concurrent_read_p95_stddev_ms": 0.00010533755265810951,
      "concurrent_read_threads": 4,
      "db_plus_wal_size_mb": 3.687530517578125,
      "db_size_mb": 3.687530517578125,
      "db_size_mb_main": 3.6875,
      "insert_rows_per_sec": 2635783.7769618626,
      "insert_rps_stddev": 32811.07389509308,
      "join_p95_ms": 0.0012888,
      "join_p95_stddev_ms": 1.2106196760337189e-05,
      "range_scan_p95_ms": 0.0100288,
      "range_scan_p95_stddev_ms": 2.3583044756774005e-05,
      "read_p95_ms": 0.0008956000000000001,
      "read_p95_stddev_ms": 1.635359287740772e-05,
      "wal_size_mb": 3.0517578125e-05
    },
    "decentdb_low_memory_durable": {
      "aggregate_p95_ms": 0.0005467999999999998,
      "aggregate_p95_stddev_ms": 4.749736834815138e-06,
      "commit_p95_ms": 0.46501439999999994,
      "commit_p95_stddev_ms": 0.03654486046819719,
      "concurrent_read_p95_ms": 0.0022601999999999995,
      "concurrent_read_p95_stddev_ms": 0.00015076392141357954,
      "concurrent_read_threads": 4,
      "db_plus_wal_size_mb": 3.687530517578125,
      "db_size_mb": 3.687530517578125,
      "db_size_mb_main": 3.6875,
      "insert_rows_per_sec": 2614417.087345922,
      "insert_rps_stddev": 7560.495766867808,
      "join_p95_ms": 0.0013804,
      "join_p95_stddev_ms": 8.866701754316543e-05,
      "range_scan_p95_ms": 0.0100688,
      "range_scan_p95_stddev_ms": 8.699517227984522e-05,
      "read_p95_ms": 0.0009218000000000001,
      "read_p95_stddev_ms": 4.308317537043901e-05,
      "wal_size_mb": 3.0517578125e-05
    },
    "decentdb_tuned_durable": {
      "aggregate_p95_ms": 0.0005428000000000001,
      "aggregate_p95_stddev_ms": 3.600000000000001e-06,
      "commit_p95_ms": 0.4392286,
      "commit_p95_stddev_ms": 0.026851264630180824,
      "concurrent_read_p95_ms": 0.0025888,
      "concurrent_read_p95_stddev_ms": 0.0001300375330433488,
      "concurrent_read_threads": 4,
      "db_plus_wal_size_mb": 3.210968017578125,
      "db_size_mb": 3.210968017578125,
      "db_size_mb_main": 3.2109375,
      "insert_rows_per_sec": 2830765.7255612835,
      "insert_rps_stddev": 92997.36224484153,
      "join_p95_ms": 0.0009478,
      "join_p95_stddev_ms": 0.00015221878990453184,
      "range_scan_p95_ms": 0.008169599999999999,
      "range_scan_p95_stddev_ms": 0.00023896326077453822,
      "read_p95_ms": 0.0008920000000000001,
      "read_p95_stddev_ms": 2.2803508501982778e-05,
      "wal_size_mb": 3.0517578125e-05
    },
    "duckdb_engine_default": {
      "aggregate_p95_ms": 0.303427,
      "aggregate_p95_stddev_ms": 0.00200319854233174,
      "commit_p95_ms": 0.8013591999999999,
      "commit_p95_stddev_ms": 0.018319130627843662,
      "concurrent_read_p95_ms": 0.233202,
      "concurrent_read_p95_stddev_ms": 0.00043908632408673536,
      "concurrent_read_threads": 4,
      "db_plus_wal_size_mb": 3.26171875,
      "db_size_mb": 3.26171875,
      "db_size_mb_main": 3.26171875,
      "insert_rows_per_sec": 4903.928861909157,
      "insert_rps_stddev": 19.552947692460776,
      "join_p95_ms": 0.4966638,
      "join_p95_stddev_ms": 0.0023799409572508342,
      "range_scan_p95_ms": 1.0688749999999998,
      "range_scan_p95_stddev_ms": 0.08610401625011466,
      "read_p95_ms": 0.22634300000000002,
      "read_p95_stddev_ms": 0.0005504656210881825,
      "wal_size_mb": 0.0
    },
    "sqlite": {
      "aggregate_p95_ms": 0.035258199999999996,
      "aggregate_p95_stddev_ms": 0.0006283544859392674,
      "commit_p95_ms": 0.45506979999999997,
      "commit_p95_stddev_ms": 0.020957856640410534,
      "concurrent_read_p95_ms": 0.0344904,
      "concurrent_read_p95_stddev_ms": 0.011689091061327223,
      "concurrent_read_threads": 4,
      "db_plus_wal_size_mb": 2.1953125,
      "db_size_mb": 2.1953125,
      "db_size_mb_main": 2.1953125,
      "insert_rows_per_sec": 1984624.8891516966,
      "insert_rps_stddev": 13028.472780688657,
      "join_p95_ms": 0.003234,
      "join_p95_stddev_ms": 4.261455150532496e-05,
      "range_scan_p95_ms": 0.012305,
      "range_scan_p95_stddev_ms": 0.0027902369791829506,
      "read_p95_ms": 0.0029514,
      "read_p95_stddev_ms": 0.00011917818592343148,
      "wal_size_mb": 0.0
    }
  },
  "metadata": {
    "aggregate_workload": "prepared_count_sum_aggregate_on_user_id",
    "aggregated_at": "2026-06-12T15:43:29.796259+00:00",
    "benchmark_profile": "single_thread_prepared_statement_oltp_with_concurrent_read_extension",
    "binding_parity_note": "sqlite via rusqlite FFI; duckdb via duckdb-rs FFI; decentdb via native Rust API (zero FFI overhead in benchmark loop)",
    "commit_workload": "prepared_single_row_auto_commit_insert_p95",
    "concurrent_read_workload": "4_threads_each_doing_25000_prepared_point_lookups",
    "decentdb_clone_overhead_note": "removed string.clone() on every read in this revision to eliminate heap-allocator skew",
    "decentdb_durability": "wal_sync_full",
    "decentdb_process_coordination": "single_process_unsafe",
    "decentdb_profile_balanced": "decentdb_balanced_durable:wal_sync_full cache_size_mb=16 process_coordination=single_process_unsafe",
    "decentdb_profile_default": "decentdb_balanced_durable:wal_sync_full cache_size_mb=16 process_coordination=single_process_unsafe",
    "decentdb_profile_low_memory": "decentdb_low_memory_durable:wal_sync_full cache_size_mb=4 process_coordination=single_process_unsafe",
    "decentdb_profile_tuned": "decentdb_tuned_durable:wal_sync_full cache_size_mb=64 retain_paged_row_sources_after_commit=true paged_row_storage=false wal_autocheckpoint=0 process_coordination=single_process_unsafe",
    "duckdb_durability": "engine_default",
    "duckdb_engine_note": "engine-default durability and thread behavior are explicitly retained for this row",
    "duckdb_profile": "duckdb_engine_default",
    "duckdb_threads_note": "duckdb forced to single thread; concurrent read test falls back to single-threaded for duckdb because Connection is not Send",
    "durability_profile": "engine_specific_with_profile_pairs",
    "hardware_class_note": "native_linux_cpu; results may not generalize to embedded targets such as raspberry pi",
    "insert_timing_scope": "prepared_transaction_body_excludes_begin_prepare_and_final_commit; durable commit cost is reported separately as commit_workload",
    "insert_workload": "prepared_single_row_insert_loop_inside_one_explicit_transaction",
    "join_dataset_rows": "10000",
    "join_workload": "prepared_inner_join_lookup_with_value_materialization",
    "latency_capture_unit": "nanoseconds",
    "latency_report_unit": "milliseconds",
    "machine": "AMD EPYC 7763 64-Core Processor",